player_id,player,pos,season,stat,pred,method,k,alpha
achiupr01,NA,NA,2026,ast_per_36_min,2.076028485629787,lm,4,NA
achiupr01,NA,NA,2026,blk_per_36_min,1.1279504289863826,lm,4,NA
achiupr01,NA,NA,2026,pts_per_36_min,12.309352517985612,exp,3,0.7
achiupr01,NA,NA,2026,stl_per_36_min,1.15266349978873,lm,4,NA
achiupr01,NA,NA,2026,tov_per_36_min,1.5667489419897533,lm,4,NA
adebaba01,NA,NA,2026,ast_per_36_min,4.3231866089294,lm,4,NA
adebaba01,NA,NA,2026,blk_per_36_min,0.7848372787080493,lm,4,NA
adebaba01,NA,NA,2026,fg_percent,0.506153130676855,lm,4,NA
adebaba01,NA,NA,2026,ft_percent,0.7773789639460246,lm,5,NA
adebaba01,NA,NA,2026,pts_per_36_min,19.444604316546766,exp,3,0.7
adebaba01,NA,NA,2026,stl_per_36_min,1.2460212030949889,lm,4,NA
adebaba01,NA,NA,2026,tov_per_36_min,2.252348872875387,lm,4,NA
adebaba01,NA,NA,2026,trb_per_36_min,10.211169742347964,lm,5,NA
adebaba01,NA,NA,2026,x3p_per_36_min,0.8752725461723511,lm,5,NA
agbajoc01,NA,NA,2026,pts_per_36_min,12.9863309352518,exp,3,0.7
aldamsa01,NA,NA,2026,pts_per_36_min,16.77769784172662,exp,3,0.7
alexani01,NA,NA,2026,ast_per_36_min,4.069319294538413,lm,4,NA
alexani01,NA,NA,2026,blk_per_36_min,0.6833803616232214,lm,4,NA
alexani01,NA,NA,2026,pts_per_36_min,13.244604316546763,exp,3,0.7
alexani01,NA,NA,2026,stl_per_36_min,1.074218849093055,lm,4,NA
alexani01,NA,NA,2026,tov_per_36_min,1.7189949203913943,lm,4,NA
alexani01,NA,NA,2026,trb_per_36_min,4.251122217447318,lm,5,NA
alexani01,NA,NA,2026,x3p_per_36_min,2.4413401735498614,lm,5,NA
allengr01,NA,NA,2026,ast_per_36_min,3.213983559969921,lm,4,NA
allengr01,NA,NA,2026,blk_per_36_min,0.4274374189737917,lm,4,NA
allengr01,NA,NA,2026,fg_percent,0.45462676180348865,lm,4,NA
allengr01,NA,NA,2026,ft_percent,0.8717656949945486,lm,5,NA
allengr01,NA,NA,2026,pts_per_36_min,15.455395683453236,exp,3,0.7
allengr01,NA,NA,2026,stl_per_36_min,1.1294759964077337,lm,4,NA
allengr01,NA,NA,2026,tov_per_36_min,1.5673204515454804,lm,4,NA
allengr01,NA,NA,2026,trb_per_36_min,4.330067387495701,lm,5,NA
allengr01,NA,NA,2026,x3p_per_36_min,3.2742698611508465,lm,5,NA
allenja01,NA,NA,2026,ast_per_36_min,2.6473673352065767,lm,4,NA
allenja01,NA,NA,2026,blk_per_36_min,1.187380418644738,lm,4,NA
allenja01,NA,NA,2026,fg_percent,0.6741352414584715,lm,4,NA
allenja01,NA,NA,2026,pts_per_36_min,17.498561151079137,exp,3,0.7
allenja01,NA,NA,2026,stl_per_36_min,1.0058179876195532,lm,4,NA
allenja01,NA,NA,2026,tov_per_36_min,1.5681524042615562,lm,4,NA
allenja01,NA,NA,2026,trb_per_36_min,12.204807547438696,lm,5,NA
allenja01,NA,NA,2026,x3p_per_36_min,0.17244928243714325,lm,5,NA
alvarjo01,NA,NA,2026,pts_per_36_min,14.984892086330936,exp,3,0.7
anderky01,NA,NA,2026,ast_per_36_min,5.473517993633868,lm,4,NA
anderky01,NA,NA,2026,blk_per_36_min,1.0695596559604614,lm,4,NA
anderky01,NA,NA,2026,pts_per_36_min,12.204556354916066,exp,3,0.7
anderky01,NA,NA,2026,stl_per_36_min,1.3912181532896577,lm,4,NA
anderky01,NA,NA,2026,tov_per_36_min,1.4828580766231592,lm,4,NA
anderky01,NA,NA,2026,trb_per_36_min,7.0628242312889356,lm,5,NA
anderky01,NA,NA,2026,x3p_per_36_min,0.8970019070533625,lm,5,NA
antetgi01,NA,NA,2026,ast_per_36_min,6.653449945551821,lm,4,NA
antetgi01,NA,NA,2026,blk_per_36_min,1.1429002517708209,lm,4,NA
antetgi01,NA,NA,2026,fg_percent,0.5824933780325698,lm,4,NA
antetgi01,NA,NA,2026,ft_percent,0.6574457162173565,lm,5,NA
antetgi01,NA,NA,2026,pts_per_36_min,32.00863309352518,exp,3,0.7
antetgi01,NA,NA,2026,stl_per_36_min,1.0088637465464814,lm,4,NA
antetgi01,NA,NA,2026,tov_per_36_min,3.2554090318090787,lm,4,NA
antetgi01,NA,NA,2026,trb_per_36_min,12.367628652694998,lm,5,NA
antetgi01,NA,NA,2026,x3p_per_36_min,0.5655402917537677,lm,5,NA
anthoco01,NA,NA,2026,ast_per_36_min,5.6353003569600055,lm,4,NA
anthoco01,NA,NA,2026,blk_per_36_min,0.7051721244881982,lm,4,NA
anthoco01,NA,NA,2026,fg_percent,0.4274165139668318,lm,4,NA
anthoco01,NA,NA,2026,ft_percent,0.8496871711205265,lm,5,NA
anthoco01,NA,NA,2026,pts_per_36_min,18.42374100719424,exp,3,0.7
anthoco01,NA,NA,2026,stl_per_36_min,1.1480792537116604,lm,4,NA
anthoco01,NA,NA,2026,tov_per_36_min,2.7026419150411947,lm,4,NA
anthoco01,NA,NA,2026,trb_per_36_min,6.01413526808024,lm,5,NA
anthoco01,NA,NA,2026,x3p_per_36_min,2.173061157153506,lm,5,NA
anunoog01,NA,NA,2026,ast_per_36_min,2.492592716172491,lm,4,NA
anunoog01,NA,NA,2026,blk_per_36_min,0.7657296219983996,lm,4,NA
anunoog01,NA,NA,2026,pts_per_36_min,17.172661870503596,exp,3,0.7
anunoog01,NA,NA,2026,stl_per_36_min,1.511580606985975,lm,4,NA
anunoog01,NA,NA,2026,tov_per_36_min,1.5423157369791765,lm,4,NA
anunoog01,NA,NA,2026,trb_per_36_min,4.8071734782086075,lm,5,NA
anunoog01,NA,NA,2026,x3p_per_36_min,2.292151100309808,lm,5,NA
avdijde01,NA,NA,2026,ast_per_36_min,4.457822245719281,lm,4,NA
avdijde01,NA,NA,2026,blk_per_36_min,0.6161102114853583,lm,4,NA
avdijde01,NA,NA,2026,fg_percent,0.4685581892907137,lm,4,NA
avdijde01,NA,NA,2026,ft_percent,0.758477679630566,lm,5,NA
avdijde01,NA,NA,2026,pts_per_36_min,19.205755395683454,exp,3,0.7
avdijde01,NA,NA,2026,stl_per_36_min,1.1285498790114703,lm,4,NA
avdijde01,NA,NA,2026,tov_per_36_min,2.846905605172644,lm,4,NA
avdijde01,NA,NA,2026,trb_per_36_min,8.398330836042458,lm,5,NA
avdijde01,NA,NA,2026,x3p_per_36_min,1.9098668051654373,lm,5,NA
aytonde01,NA,NA,2026,ast_per_36_min,2.145666897269427,lm,4,NA
aytonde01,NA,NA,2026,blk_per_36_min,0.9715737408457186,lm,4,NA
aytonde01,NA,NA,2026,fg_percent,0.5747532341617341,lm,4,NA
aytonde01,NA,NA,2026,ft_percent,0.7669272625917836,lm,5,NA
aytonde01,NA,NA,2026,pts_per_36_min,17.767625899280574,exp,3,0.7
aytonde01,NA,NA,2026,stl_per_36_min,0.9154376293484986,lm,4,NA
aytonde01,NA,NA,2026,tov_per_36_min,2.032713328356641,lm,4,NA
aytonde01,NA,NA,2026,trb_per_36_min,12.115195484784579,lm,5,NA
aytonde01,NA,NA,2026,x3p_per_36_min,0.3158722315902318,lm,5,NA
banchpa01,NA,NA,2026,pts_per_36_min,25.882733812949642,exp,3,0.7
banede01,NA,NA,2026,ast_per_36_min,5.502604845152837,lm,4,NA
banede01,NA,NA,2026,blk_per_36_min,0.48831027203516486,lm,4,NA
banede01,NA,NA,2026,fg_percent,0.4781150048070768,lm,4,NA
banede01,NA,NA,2026,ft_percent,0.8850004437344671,lm,5,NA
banede01,NA,NA,2026,pts_per_36_min,22.56546762589928,exp,3,0.7
banede01,NA,NA,2026,stl_per_36_min,1.195176487494566,lm,4,NA
banede01,NA,NA,2026,tov_per_36_min,2.6115337476408476,lm,4,NA
banede01,NA,NA,2026,trb_per_36_min,5.916474537487654,lm,5,NA
banede01,NA,NA,2026,x3p_per_36_min,2.943843052078764,lm,5,NA
barneha02,NA,NA,2026,ast_per_36_min,2.3527104352474515,lm,4,NA
barneha02,NA,NA,2026,blk_per_36_min,0.21131427569739278,lm,4,NA
barneha02,NA,NA,2026,fg_percent,0.4933391995916804,lm,4,NA
barneha02,NA,NA,2026,ft_percent,0.8219615999935476,lm,5,NA
barneha02,NA,NA,2026,pts_per_36_min,16.060431654676258,exp,3,0.7
barneha02,NA,NA,2026,stl_per_36_min,0.7524490020075267,lm,4,NA
barneha02,NA,NA,2026,tov_per_36_min,0.9689946051442998,lm,4,NA
barneha02,NA,NA,2026,trb_per_36_min,4.8973834429326955,lm,5,NA
barneha02,NA,NA,2026,x3p_per_36_min,2.377358675782632,lm,5,NA
barnesc01,NA,NA,2026,ast_per_36_min,5.825767474420526,lm,4,NA
barnesc01,NA,NA,2026,blk_per_36_min,1.022812295273466,lm,4,NA
barnesc01,NA,NA,2026,fg_percent,0.4595368778325927,lm,4,NA
barnesc01,NA,NA,2026,pts_per_36_min,20.6273381294964,exp,3,0.7
barnesc01,NA,NA,2026,stl_per_36_min,1.3206867310752732,lm,4,NA
barnesc01,NA,NA,2026,tov_per_36_min,2.7535008902200286,lm,4,NA
barrerj01,NA,NA,2026,ast_per_36_min,4.983598522549796,lm,4,NA
barrerj01,NA,NA,2026,blk_per_36_min,0.3016418770001242,lm,4,NA
barrerj01,NA,NA,2026,pts_per_36_min,23.26043165467626,exp,3,0.7
barrerj01,NA,NA,2026,stl_per_36_min,0.7458803733260874,lm,4,NA
barrerj01,NA,NA,2026,tov_per_36_min,2.8186603963745456,lm,4,NA
barrerj01,NA,NA,2026,trb_per_36_min,6.459104337285048,lm,5,NA
barrerj01,NA,NA,2026,x3p_per_36_min,2.0814688952851927,lm,5,NA
batumni01,NA,NA,2026,ast_per_36_min,2.647841298183721,lm,4,NA
batumni01,NA,NA,2026,blk_per_36_min,0.9791096586216379,lm,4,NA
batumni01,NA,NA,2026,pts_per_36_min,8.020863309352517,exp,3,0.7
batumni01,NA,NA,2026,stl_per_36_min,1.2921925370389626,lm,4,NA
batumni01,NA,NA,2026,tov_per_36_min,0.9864156341447262,lm,4,NA
batumni01,NA,NA,2026,trb_per_36_min,5.695525098995544,lm,5,NA
batumni01,NA,NA,2026,x3p_per_36_min,2.304697381393214,lm,5,NA
bealbr01,NA,NA,2026,ast_per_36_min,4.942534644917896,lm,4,NA
bealbr01,NA,NA,2026,blk_per_36_min,0.5743806800100936,lm,4,NA
bealbr01,NA,NA,2026,fg_percent,0.49221068854829775,lm,4,NA
bealbr01,NA,NA,2026,ft_percent,0.8239107739868955,lm,5,NA
bealbr01,NA,NA,2026,pts_per_36_min,19.58992805755396,exp,3,0.7
bealbr01,NA,NA,2026,stl_per_36_min,1.0947282726321903,lm,4,NA
bealbr01,NA,NA,2026,tov_per_36_min,2.3127908019200953,lm,4,NA
bealbr01,NA,NA,2026,trb_per_36_min,4.004037027257658,lm,5,NA
bealbr01,NA,NA,2026,x3p_per_36_min,2.08802949212516,lm,5,NA
beaslma01,NA,NA,2026,ast_per_36_min,2.3475290712093355,lm,4,NA
beaslma01,NA,NA,2026,blk_per_36_min,0.16105487214244293,lm,4,NA
beaslma01,NA,NA,2026,pts_per_36_min,19.267625899280574,exp,3,0.7
beaslma01,NA,NA,2026,stl_per_36_min,1.0703600225370788,lm,4,NA
beaslma01,NA,NA,2026,tov_per_36_min,1.2676784666926906,lm,4,NA
beaslma01,NA,NA,2026,trb_per_36_min,3.789164484777811,lm,5,NA
beaslma01,NA,NA,2026,x3p_per_36_min,4.515312652563368,lm,5,NA
bogdabo01,NA,NA,2026,ast_per_36_min,3.9375191200169133,lm,4,NA
bogdabo01,NA,NA,2026,blk_per_36_min,0.34858219720219963,lm,4,NA
bogdabo01,NA,NA,2026,pts_per_36_min,16.63309352517986,exp,3,0.7
bogdabo01,NA,NA,2026,stl_per_36_min,1.1549868141374138,lm,4,NA
bogdabo01,NA,NA,2026,tov_per_36_min,1.849676879331052,lm,4,NA
bogdabo01,NA,NA,2026,trb_per_36_min,4.164127276708815,lm,5,NA
bogdabo01,NA,NA,2026,x3p_per_36_min,2.9528089583948978,lm,5,NA
bookede01,NA,NA,2026,ast_per_36_min,6.4439728041905955,lm,4,NA
bookede01,NA,NA,2026,blk_per_36_min,0.32205088688612415,lm,4,NA
bookede01,NA,NA,2026,fg_percent,0.47037071988979146,lm,4,NA
bookede01,NA,NA,2026,ft_percent,0.8811621994089591,lm,5,NA
bookede01,NA,NA,2026,pts_per_36_min,25.56187050359712,exp,3,0.7
bookede01,NA,NA,2026,stl_per_36_min,0.962038381915987,lm,4,NA
bookede01,NA,NA,2026,tov_per_36_min,2.6518629343300475,lm,4,NA
bookede01,NA,NA,2026,trb_per_36_min,4.146216551955304,lm,5,NA
bookede01,NA,NA,2026,x3p_per_36_min,2.443969701860872,lm,5,NA
braunch01,NA,NA,2026,pts_per_36_min,15.338129496402876,exp,3,0.7
bridgmi01,NA,NA,2026,ast_per_36_min,3.571057936814186,lm,4,NA
bridgmi01,NA,NA,2026,blk_per_36_min,0.5163902239761339,lm,4,NA
bridgmi01,NA,NA,2026,pts_per_36_min,18.082014388489206,exp,3,0.7
bridgmi01,NA,NA,2026,stl_per_36_min,0.9986892969838899,lm,4,NA
bridgmi01,NA,NA,2026,tov_per_36_min,1.635273095100497,lm,4,NA
bridgmi01,NA,NA,2026,trb_per_36_min,3.651145020316629,lm,5,NA
bridgmi01,NA,NA,2026,x3p_per_36_min,2.0075412978016165,lm,5,NA
brookdi01,NA,NA,2026,pts_per_36_min,15.733812949640289,exp,3,0.7
brownbr01,NA,NA,2026,ast_per_36_min,3.5497423209861454,lm,4,NA
brownbr01,NA,NA,2026,blk_per_36_min,0.5678904648142262,lm,4,NA
brownbr01,NA,NA,2026,pts_per_36_min,13.719904076738608,exp,3,0.7
brownbr01,NA,NA,2026,stl_per_36_min,1.2972429658667797,lm,4,NA
brownbr01,NA,NA,2026,tov_per_36_min,1.6006016059732298,lm,4,NA
brownbr01,NA,NA,2026,trb_per_36_min,6.35895902204888,lm,5,NA
brownbr01,NA,NA,2026,x3p_per_36_min,1.1514827048673666,lm,5,NA
brownja02,NA,NA,2026,ast_per_36_min,4.467380837286266,lm,4,NA
brownja02,NA,NA,2026,blk_per_36_min,0.38004134292008385,lm,4,NA
brownja02,NA,NA,2026,fg_percent,0.47293352794908217,lm,4,NA
brownja02,NA,NA,2026,ft_percent,0.7462774881185726,lm,5,NA
brownja02,NA,NA,2026,pts_per_36_min,23.82230215827338,exp,3,0.7
brownja02,NA,NA,2026,stl_per_36_min,1.1753752436419647,lm,4,NA
brownja02,NA,NA,2026,tov_per_36_min,2.620700725148684,lm,4,NA
brownja02,NA,NA,2026,trb_per_36_min,6.070675600061101,lm,5,NA
brownja02,NA,NA,2026,x3p_per_36_min,2.1118053759174207,lm,5,NA
brunsja01,NA,NA,2026,ast_per_36_min,6.890487409757692,lm,4,NA
brunsja01,NA,NA,2026,blk_per_36_min,0.1461842293082169,lm,4,NA
brunsja01,NA,NA,2026,fg_percent,0.48952441339264297,lm,4,NA
brunsja01,NA,NA,2026,ft_percent,0.8392836709131934,lm,5,NA
brunsja01,NA,NA,2026,pts_per_36_min,26.894244604316548,exp,3,0.7
brunsja01,NA,NA,2026,stl_per_36_min,0.919456980318427,lm,4,NA
brunsja01,NA,NA,2026,tov_per_36_min,2.401959534483551,lm,4,NA
brunsja01,NA,NA,2026,trb_per_36_min,3.308820487446236,lm,5,NA
brunsja01,NA,NA,2026,x3p_per_36_min,2.2813795288630287,lm,5,NA
butleji01,NA,NA,2026,ast_per_36_min,5.903343381262901,lm,4,NA
butleji01,NA,NA,2026,blk_per_36_min,0.4125858456657372,lm,4,NA
butleji01,NA,NA,2026,pts_per_36_min,20.664028776978416,exp,3,0.7
butleji01,NA,NA,2026,stl_per_36_min,1.5708397203978013,lm,4,NA
butleji01,NA,NA,2026,tov_per_36_min,1.609924725681082,lm,4,NA
butleji01,NA,NA,2026,trb_per_36_min,6.074022700307581,lm,5,NA
butleji01,NA,NA,2026,x3p_per_36_min,0.8238108872516361,lm,5,NA
caldwke01,NA,NA,2026,ast_per_36_min,2.5221847706814717,lm,4,NA
caldwke01,NA,NA,2026,blk_per_36_min,0.5009090494919426,lm,4,NA
caldwke01,NA,NA,2026,fg_percent,0.44611171988165865,lm,4,NA
caldwke01,NA,NA,2026,ft_percent,0.8696621796631445,lm,5,NA
caldwke01,NA,NA,2026,pts_per_36_min,10.910791366906475,exp,3,0.7
caldwke01,NA,NA,2026,stl_per_36_min,1.5065460030404043,lm,4,NA
caldwke01,NA,NA,2026,tov_per_36_min,1.125555691175719,lm,4,NA
caldwke01,NA,NA,2026,trb_per_36_min,2.800398002240902,lm,5,NA
caldwke01,NA,NA,2026,x3p_per_36_min,1.9721432894075572,lm,5,NA
capelca01,NA,NA,2026,ast_per_36_min,2.0237782025498783,lm,4,NA
capelca01,NA,NA,2026,blk_per_36_min,1.581483724976068,lm,4,NA
capelca01,NA,NA,2026,fg_percent,0.5751936473266009,lm,4,NA
capelca01,NA,NA,2026,ft_percent,0.6002657212988487,lm,5,NA
capelca01,NA,NA,2026,pts_per_36_min,15.221582733812948,exp,3,0.7
capelca01,NA,NA,2026,stl_per_36_min,0.9403418910383953,lm,4,NA
capelca01,NA,NA,2026,tov_per_36_min,1.3555296853036034,lm,4,NA
capelca01,NA,NA,2026,trb_per_36_min,14.788144411304033,lm,5,NA
capelca01,NA,NA,2026,x3p_per_36_min,0.17398012148461842,lm,5,NA
cartewe01,NA,NA,2026,ast_per_36_min,2.9686124543093335,lm,4,NA
cartewe01,NA,NA,2026,blk_per_36_min,0.7495766955139949,lm,4,NA
cartewe01,NA,NA,2026,fg_percent,0.4857124723357056,lm,4,NA
cartewe01,NA,NA,2026,pts_per_36_min,13.658273381294963,exp,3,0.7
cartewe01,NA,NA,2026,stl_per_36_min,0.9146260491908749,lm,4,NA
cartewe01,NA,NA,2026,tov_per_36_min,1.7275687390893464,lm,4,NA
cartewe01,NA,NA,2026,trb_per_36_min,10.361621241468338,lm,5,NA
cartewe01,NA,NA,2026,x3p_per_36_min,1.1744461178656604,lm,5,NA
carusal01,NA,NA,2026,ast_per_36_min,4.7979721918548215,lm,4,NA
carusal01,NA,NA,2026,blk_per_36_min,0.9219659098386033,lm,4,NA
carusal01,NA,NA,2026,fg_percent,0.44452572963122755,lm,4,NA
carusal01,NA,NA,2026,ft_percent,0.798302636151169,lm,5,NA
carusal01,NA,NA,2026,pts_per_36_min,12.766187050359713,exp,3,0.7
carusal01,NA,NA,2026,stl_per_36_min,2.320700983874938,lm,4,NA
carusal01,NA,NA,2026,tov_per_36_min,1.4758452510623665,lm,4,NA
carusal01,NA,NA,2026,trb_per_36_min,5.081032583619412,lm,5,NA
carusal01,NA,NA,2026,x3p_per_36_min,2.0088533205257195,lm,5,NA
claxtni01,NA,NA,2026,pts_per_36_min,13.998561151079139,exp,3,0.7
collijo01,NA,NA,2026,ast_per_36_min,2.3642510630695472,lm,4,NA
collijo01,NA,NA,2026,blk_per_36_min,1.1492374384232702,lm,4,NA
collijo01,NA,NA,2026,fg_percent,0.5228232553579474,lm,4,NA
collijo01,NA,NA,2026,ft_percent,0.8153753056132036,lm,5,NA
collijo01,NA,NA,2026,pts_per_36_min,21.318705035971224,exp,3,0.7
collijo01,NA,NA,2026,stl_per_36_min,0.9493737729664181,lm,4,NA
collijo01,NA,NA,2026,tov_per_36_min,2.4500669628441987,lm,4,NA
collijo01,NA,NA,2026,trb_per_36_min,9.576938122431732,lm,5,NA
collijo01,NA,NA,2026,x3p_per_36_min,1.671531480389609,lm,5,NA
colliza01,NA,NA,2026,pts_per_36_min,15.877937649880094,exp,3,0.7
conlemi01,NA,NA,2026,ast_per_36_min,6.768521429770638,lm,4,NA
conlemi01,NA,NA,2026,blk_per_36_min,0.32624796978988607,lm,4,NA
conlemi01,NA,NA,2026,pts_per_36_min,12.58201438848921,exp,3,0.7
conlemi01,NA,NA,2026,stl_per_36_min,1.4284721425442481,lm,4,NA
conlemi01,NA,NA,2026,tov_per_36_min,1.599581590793519,lm,4,NA
conlemi01,NA,NA,2026,trb_per_36_min,3.6150858994860533,lm,5,NA
conlemi01,NA,NA,2026,x3p_per_36_min,2.672169123110091,lm,5,NA
curryse01,NA,NA,2026,ast_per_36_min,2.6966736908936246,lm,4,NA
curryse01,NA,NA,2026,blk_per_36_min,0.2685311107467174,lm,4,NA
curryse01,NA,NA,2026,pts_per_36_min,14.937410071942447,exp,3,0.7
curryse01,NA,NA,2026,stl_per_36_min,1.039343810658586,lm,4,NA
curryse01,NA,NA,2026,tov_per_36_min,1.2359362160976823,lm,4,NA
curryse01,NA,NA,2026,trb_per_36_min,3.5560994816272755,lm,5,NA
curryse01,NA,NA,2026,x3p_per_36_min,2.716845186697584,lm,5,NA
curryst01,NA,NA,2026,ast_per_36_min,6.491770620538579,lm,4,NA
curryst01,NA,NA,2026,blk_per_36_min,0.4548467288407548,lm,4,NA
curryst01,NA,NA,2026,fg_percent,0.4541573181467192,lm,4,NA
curryst01,NA,NA,2026,ft_percent,0.9247896389576109,lm,5,NA
curryst01,NA,NA,2026,pts_per_36_min,28.046043165467626,exp,3,0.7
curryst01,NA,NA,2026,stl_per_36_min,1.0990865553464328,lm,4,NA
curryst01,NA,NA,2026,tov_per_36_min,3.0642426840153316,lm,4,NA
curryst01,NA,NA,2026,trb_per_36_min,5.077574154479478,lm,5,NA
curryst01,NA,NA,2026,x3p_per_36_min,4.79786187555998,lm,5,NA
daniedy01,NA,NA,2026,pts_per_36_min,13.325179856115108,exp,3,0.7
davisan02,NA,NA,2026,ast_per_36_min,3.9542052192580472,lm,4,NA
davisan02,NA,NA,2026,blk_per_36_min,2.2250361971227974,lm,4,NA
davisan02,NA,NA,2026,pts_per_36_min,25.87482014388489,exp,3,0.7
davisan02,NA,NA,2026,stl_per_36_min,1.1307840577807746,lm,4,NA
davisan02,NA,NA,2026,tov_per_36_min,2.3034702498866753,lm,4,NA
davisan02,NA,NA,2026,trb_per_36_min,11.957806567776066,lm,5,NA
davisan02,NA,NA,2026,x3p_per_36_min,0.7469999027399794,lm,5,NA
derozde01,NA,NA,2026,ast_per_36_min,4.758377582319923,lm,4,NA
derozde01,NA,NA,2026,blk_per_36_min,0.423180225645989,lm,4,NA
derozde01,NA,NA,2026,fg_percent,0.4851745519743168,lm,4,NA
derozde01,NA,NA,2026,ft_percent,0.8640516556662872,lm,5,NA
derozde01,NA,NA,2026,pts_per_36_min,22.471942446043165,exp,3,0.7
derozde01,NA,NA,2026,stl_per_36_min,0.9704592453899531,lm,4,NA
derozde01,NA,NA,2026,tov_per_36_min,1.5728472526923503,lm,4,NA
derozde01,NA,NA,2026,trb_per_36_min,4.043661290504626,lm,5,NA
derozde01,NA,NA,2026,x3p_per_36_min,1.1005399947603063,lm,5,NA
dinwisp01,NA,NA,2026,ast_per_36_min,6.033529291008088,lm,4,NA
dinwisp01,NA,NA,2026,blk_per_36_min,0.32739956633156464,lm,4,NA
dinwisp01,NA,NA,2026,pts_per_36_min,14.480575539568344,exp,3,0.7
dinwisp01,NA,NA,2026,stl_per_36_min,1.0131933633056993,lm,4,NA
dinwisp01,NA,NA,2026,tov_per_36_min,1.7030820946733645,lm,4,NA
divindo01,NA,NA,2026,ast_per_36_min,4.683094806882859,lm,4,NA
divindo01,NA,NA,2026,blk_per_36_min,0.3793707008460779,lm,4,NA
divindo01,NA,NA,2026,pts_per_36_min,16.633812949640287,exp,3,0.7
divindo01,NA,NA,2026,stl_per_36_min,1.5741432286236514,lm,4,NA
divindo01,NA,NA,2026,tov_per_36_min,2.0890340563264993,lm,4,NA
divindo01,NA,NA,2026,trb_per_36_min,5.259873459068811,lm,5,NA
divindo01,NA,NA,2026,x3p_per_36_min,3.621572088766265,lm,5,NA
doncilu01,NA,NA,2026,ast_per_36_min,8.12366992757605,lm,4,NA
doncilu01,NA,NA,2026,blk_per_36_min,0.47638213665239304,lm,4,NA
doncilu01,NA,NA,2026,pts_per_36_min,29.722781774580334,exp,3,0.7
doncilu01,NA,NA,2026,stl_per_36_min,1.4862721107744925,lm,4,NA
doncilu01,NA,NA,2026,tov_per_36_min,3.507651838363304,lm,4,NA
doncilu01,NA,NA,2026,trb_per_36_min,8.471059095967265,lm,5,NA
doncilu01,NA,NA,2026,x3p_per_36_min,3.4321327493969416,lm,5,NA
dortlu01,NA,NA,2026,ast_per_36_min,2.255239422627676,lm,4,NA
dortlu01,NA,NA,2026,blk_per_36_min,0.6062955815796102,lm,4,NA
dortlu01,NA,NA,2026,fg_percent,0.4282277770542098,lm,4,NA
dortlu01,NA,NA,2026,ft_percent,0.7902724012011315,lm,5,NA
dortlu01,NA,NA,2026,pts_per_36_min,13.013669064748202,exp,3,0.7
dortlu01,NA,NA,2026,stl_per_36_min,1.2392711921403388,lm,4,NA
dortlu01,NA,NA,2026,tov_per_36_min,1.1195076228496768,lm,4,NA
dortlu01,NA,NA,2026,trb_per_36_min,4.820818493576133,lm,5,NA
dortlu01,NA,NA,2026,x3p_per_36_min,2.8312513038962703,lm,5,NA
dosunay01,NA,NA,2026,ast_per_36_min,4.915014835162365,lm,4,NA
dosunay01,NA,NA,2026,blk_per_36_min,0.5040398448941069,lm,4,NA
dosunay01,NA,NA,2026,fg_percent,0.4970105462770483,lm,4,NA
dosunay01,NA,NA,2026,pts_per_36_min,14.50503597122302,exp,3,0.7
dosunay01,NA,NA,2026,stl_per_36_min,1.086622508100431,lm,4,NA
dosunay01,NA,NA,2026,tov_per_36_min,1.7572174101592473,lm,4,NA
duranke01,NA,NA,2026,ast_per_36_min,4.761111485269473,lm,4,NA
duranke01,NA,NA,2026,blk_per_36_min,1.1252418772834736,lm,4,NA
duranke01,NA,NA,2026,pts_per_36_min,26.379136690647485,exp,3,0.7
duranke01,NA,NA,2026,stl_per_36_min,0.8128220807513897,lm,4,NA
duranke01,NA,NA,2026,tov_per_36_min,2.930010893424001,lm,4,NA
duranke01,NA,NA,2026,trb_per_36_min,6.233436322022791,lm,5,NA
duranke01,NA,NA,2026,x3p_per_36_min,2.3686130800733536,lm,5,NA
durenja01,NA,NA,2026,pts_per_36_min,16.17841726618705,exp,3,0.7
edwaran01,NA,NA,2026,ast_per_36_min,4.64688896775907,lm,4,NA
edwaran01,NA,NA,2026,blk_per_36_min,0.6118530181575554,lm,4,NA
edwaran01,NA,NA,2026,fg_percent,0.451332881490879,lm,4,NA
edwaran01,NA,NA,2026,ft_percent,0.8159760283204843,lm,5,NA
edwaran01,NA,NA,2026,pts_per_36_min,26.98057553956835,exp,3,0.7
edwaran01,NA,NA,2026,stl_per_36_min,1.272978261280979,lm,4,NA
edwaran01,NA,NA,2026,tov_per_36_min,2.97519875372695,lm,4,NA
edwaran01,NA,NA,2026,trb_per_36_min,5.425777107438026,lm,5,NA
edwaran01,NA,NA,2026,x3p_per_36_min,3.524344914442213,lm,5,NA
eubandr01,NA,NA,2026,ast_per_36_min,2.5811861443349478,lm,4,NA
eubandr01,NA,NA,2026,blk_per_36_min,1.6708159630609523,lm,4,NA
eubandr01,NA,NA,2026,pts_per_36_min,12.929496402877698,exp,3,0.7
eubandr01,NA,NA,2026,stl_per_36_min,0.7636321752307058,lm,4,NA
eubandr01,NA,NA,2026,tov_per_36_min,1.9081548363404777,lm,4,NA
finnedo01,NA,NA,2026,ast_per_36_min,2.1268487732071506,lm,4,NA
finnedo01,NA,NA,2026,blk_per_36_min,0.5587112175751923,lm,4,NA
finnedo01,NA,NA,2026,pts_per_36_min,11.047002398081535,exp,3,0.7
finnedo01,NA,NA,2026,stl_per_36_min,1.062411871128915,lm,4,NA
finnedo01,NA,NA,2026,tov_per_36_min,1.148959719950117,lm,4,NA
finnedo01,NA,NA,2026,trb_per_36_min,5.2514877666058375,lm,5,NA
finnedo01,NA,NA,2026,x3p_per_36_min,2.4933248582452654,lm,5,NA
foxde01,NA,NA,2026,ast_per_36_min,6.277901333916134,lm,4,NA
foxde01,NA,NA,2026,blk_per_36_min,0.381223179705393,lm,4,NA
foxde01,NA,NA,2026,pts_per_36_min,23.940047961630697,exp,3,0.7
foxde01,NA,NA,2026,stl_per_36_min,1.4709392244604997,lm,4,NA
foxde01,NA,NA,2026,tov_per_36_min,2.6382910239214117,lm,4,NA
foxde01,NA,NA,2026,trb_per_36_min,4.4267302828240425,lm,5,NA
foxde01,NA,NA,2026,x3p_per_36_min,1.9322069250104732,lm,5,NA
gaffoda01,NA,NA,2026,ast_per_36_min,2.4262982691840316,lm,4,NA
gaffoda01,NA,NA,2026,blk_per_36_min,2.610961356259114,lm,4,NA
gaffoda01,NA,NA,2026,pts_per_36_min,19.411510791366908,exp,3,0.7
gaffoda01,NA,NA,2026,stl_per_36_min,0.8733065856194402,lm,4,NA
gaffoda01,NA,NA,2026,tov_per_36_min,1.8055865807815277,lm,4,NA
gaffoda01,NA,NA,2026,trb_per_36_min,10.987321918768256,lm,5,NA
gaffoda01,NA,NA,2026,x3p_per_36_min,0.17398012148461842,lm,5,NA
garlada01,NA,NA,2026,ast_per_36_min,7.79705986041942,lm,4,NA
garlada01,NA,NA,2026,blk_per_36_min,0.17785073250298267,lm,4,NA
garlada01,NA,NA,2026,fg_percent,0.467581160927801,lm,4,NA
garlada01,NA,NA,2026,ft_percent,0.8606068554569734,lm,5,NA
garlada01,NA,NA,2026,pts_per_36_min,23.03669064748201,exp,3,0.7
garlada01,NA,NA,2026,stl_per_36_min,1.3270978102856092,lm,4,NA
garlada01,NA,NA,2026,tov_per_36_min,2.935926157231368,lm,4,NA
garlada01,NA,NA,2026,trb_per_36_min,3.0206461675188927,lm,5,NA
garlada01,NA,NA,2026,x3p_per_36_min,3.0185576151131244,lm,5,NA
georgpa01,NA,NA,2026,ast_per_36_min,4.95536492941011,lm,4,NA
georgpa01,NA,NA,2026,blk_per_36_min,0.47057630169969683,lm,4,NA
georgpa01,NA,NA,2026,fg_percent,0.4394055798447347,lm,4,NA
georgpa01,NA,NA,2026,ft_percent,0.8730477563940167,lm,5,NA
georgpa01,NA,NA,2026,pts_per_36_min,19.656834532374102,exp,3,0.7
georgpa01,NA,NA,2026,stl_per_36_min,1.697012002584891,lm,4,NA
georgpa01,NA,NA,2026,tov_per_36_min,2.7960546322374094,lm,4,NA
georgpa01,NA,NA,2026,trb_per_36_min,5.989212409381158,lm,5,NA
georgpa01,NA,NA,2026,x3p_per_36_min,2.7705779197094436,lm,5,NA
giddejo01,NA,NA,2026,ast_per_36_min,7.896813427829382,lm,4,NA
giddejo01,NA,NA,2026,blk_per_36_min,0.6651640371644574,lm,4,NA
giddejo01,NA,NA,2026,fg_percent,0.4624168178406357,lm,4,NA
giddejo01,NA,NA,2026,pts_per_36_min,17.58129496402878,exp,3,0.7
giddejo01,NA,NA,2026,stl_per_36_min,1.115455633881055,lm,4,NA
giddejo01,NA,NA,2026,tov_per_36_min,3.1709719532402034,lm,4,NA
gilgesh01,NA,NA,2026,ast_per_36_min,6.465826409764479,lm,4,NA
gilgesh01,NA,NA,2026,blk_per_36_min,0.9753751783218888,lm,4,NA
gilgesh01,NA,NA,2026,fg_percent,0.5077901698512386,lm,4,NA
gilgesh01,NA,NA,2026,ft_percent,0.887487079840806,lm,5,NA
gilgesh01,NA,NA,2026,pts_per_36_min,33.670503597122305,exp,3,0.7
gilgesh01,NA,NA,2026,stl_per_36_min,1.7149373964001897,lm,4,NA
gilgesh01,NA,NA,2026,tov_per_36_min,2.4576755944331845,lm,4,NA
gilgesh01,NA,NA,2026,trb_per_36_min,5.270361164560961,lm,5,NA
gilgesh01,NA,NA,2026,x3p_per_36_min,2.0025863140225577,lm,5,NA
goberru01,NA,NA,2026,ast_per_36_min,1.9542321579636022,lm,4,NA
goberru01,NA,NA,2026,blk_per_36_min,1.7370806630422284,lm,4,NA
goberru01,NA,NA,2026,fg_percent,0.6629744061335388,lm,4,NA
goberru01,NA,NA,2026,ft_percent,0.6622786489947942,lm,5,NA
goberru01,NA,NA,2026,pts_per_36_min,13.613669064748203,exp,3,0.7
goberru01,NA,NA,2026,stl_per_36_min,0.8307042447768934,lm,4,NA
goberru01,NA,NA,2026,tov_per_36_min,1.4814149418928335,lm,4,NA
goberru01,NA,NA,2026,trb_per_36_min,12.968581457465751,lm,5,NA
goberru01,NA,NA,2026,x3p_per_36_min,0.17398012148461842,lm,5,NA
gordoaa01,NA,NA,2026,ast_per_36_min,4.003189934316006,lm,4,NA
gordoaa01,NA,NA,2026,blk_per_36_min,0.5397226717874165,lm,4,NA
gordoaa01,NA,NA,2026,fg_percent,0.5332226716235393,lm,4,NA
gordoaa01,NA,NA,2026,pts_per_36_min,18.069064748201438,exp,3,0.7
gordoaa01,NA,NA,2026,stl_per_36_min,0.7961140704724533,lm,4,NA
gordoaa01,NA,NA,2026,tov_per_36_min,1.7529894300136881,lm,4,NA
gordoaa01,NA,NA,2026,trb_per_36_min,6.529339099584682,lm,5,NA
gordoaa01,NA,NA,2026,x3p_per_36_min,1.648595703921176,lm,5,NA
grantje01,NA,NA,2026,ast_per_36_min,2.763291465764431,lm,4,NA
grantje01,NA,NA,2026,blk_per_36_min,0.9679115937438012,lm,4,NA
grantje01,NA,NA,2026,fg_percent,0.40769140094962314,lm,4,NA
grantje01,NA,NA,2026,ft_percent,0.8297817233777568,lm,5,NA
grantje01,NA,NA,2026,pts_per_36_min,17.664028776978416,exp,3,0.7
grantje01,NA,NA,2026,stl_per_36_min,0.9491016862566753,lm,4,NA
grantje01,NA,NA,2026,tov_per_36_min,1.686710282977374,lm,4,NA
grantje01,NA,NA,2026,trb_per_36_min,3.968199932890963,lm,5,NA
grantje01,NA,NA,2026,x3p_per_36_min,2.4719647567634504,lm,5,NA
greendr01,NA,NA,2026,ast_per_36_min,7.428166733067039,lm,4,NA
greendr01,NA,NA,2026,blk_per_36_min,1.1694315620868965,lm,4,NA
greendr01,NA,NA,2026,fg_percent,0.46253352672400594,lm,4,NA
greendr01,NA,NA,2026,ft_percent,0.7170362318038356,lm,5,NA
greendr01,NA,NA,2026,pts_per_36_min,11.09568345323741,exp,3,0.7
greendr01,NA,NA,2026,stl_per_36_min,1.4574628177959759,lm,4,NA
greendr01,NA,NA,2026,tov_per_36_min,3.0980569340932544,lm,4,NA
greendr01,NA,NA,2026,trb_per_36_min,8.065476472320567,lm,5,NA
greendr01,NA,NA,2026,x3p_per_36_min,1.3306479233158834,lm,5,NA
greenja05,NA,NA,2026,ast_per_36_min,3.8792993269826592,lm,4,NA
greenja05,NA,NA,2026,blk_per_36_min,0.36364112798713577,lm,4,NA
greenja05,NA,NA,2026,fg_percent,0.4264417333545464,lm,4,NA
greenja05,NA,NA,2026,pts_per_36_min,22.868345323741007,exp,3,0.7
greenja05,NA,NA,2026,stl_per_36_min,0.8840552258563633,lm,4,NA
greenja05,NA,NA,2026,tov_per_36_min,2.581316784240294,lm,4,NA
greenjo02,NA,NA,2026,ast_per_36_min,2.610226205413567,lm,4,NA
greenjo02,NA,NA,2026,blk_per_36_min,0.3087814673553404,lm,4,NA
greenjo02,NA,NA,2026,fg_percent,0.46157965046240096,lm,4,NA
greenjo02,NA,NA,2026,pts_per_36_min,10.224460431654677,exp,3,0.7
greenjo02,NA,NA,2026,stl_per_36_min,1.217641546297318,lm,4,NA
greenjo02,NA,NA,2026,tov_per_36_min,1.396427164323456,lm,4,NA
grimequ01,NA,NA,2026,pts_per_36_min,17.583213429256595,exp,3,0.7
hachiru01,NA,NA,2026,pts_per_36_min,15.77410071942446,exp,3,0.7
halibty01,NA,NA,2026,ast_per_36_min,9.97322794731052,lm,4,NA
halibty01,NA,NA,2026,blk_per_36_min,0.668189344074162,lm,4,NA
halibty01,NA,NA,2026,pts_per_36_min,20.682014388489208,exp,3,0.7
halibty01,NA,NA,2026,stl_per_36_min,1.4608711503118474,lm,4,NA
halibty01,NA,NA,2026,tov_per_36_min,2.039584917280944,lm,4,NA
halibty01,NA,NA,2026,trb_per_36_min,3.8406166631769856,lm,5,NA
halibty01,NA,NA,2026,x3p_per_36_min,3.003111782572823,lm,5,NA
hardati02,NA,NA,2026,ast_per_36_min,2.489844163009659,lm,4,NA
hardati02,NA,NA,2026,blk_per_36_min,0.16592259712021085,lm,4,NA
hardati02,NA,NA,2026,fg_percent,0.4080045855851753,lm,4,NA
hardati02,NA,NA,2026,ft_percent,0.8283727420679878,lm,5,NA
hardati02,NA,NA,2026,pts_per_36_min,15.410071942446045,exp,3,0.7
hardati02,NA,NA,2026,stl_per_36_min,0.7585449822756564,lm,4,NA
hardati02,NA,NA,2026,tov_per_36_min,0.9584040043600786,lm,4,NA
hardati02,NA,NA,2026,trb_per_36_min,3.5222838951138424,lm,5,NA
hardati02,NA,NA,2026,x3p_per_36_min,2.9154243296556595,lm,5,NA
hardeja01,NA,NA,2026,ast_per_36_min,9.049268459252275,lm,4,NA
hardeja01,NA,NA,2026,blk_per_36_min,0.632721403403226,lm,4,NA
hardeja01,NA,NA,2026,pts_per_36_min,21.845323741007196,exp,3,0.7
hardeja01,NA,NA,2026,stl_per_36_min,1.267335749995803,lm,4,NA
hardeja01,NA,NA,2026,tov_per_36_min,3.776731956585506,lm,4,NA
hardeja01,NA,NA,2026,trb_per_36_min,5.954100180948147,lm,5,NA
hardeja01,NA,NA,2026,x3p_per_36_min,2.792403494843641,lm,5,NA
harrito02,NA,NA,2026,ast_per_36_min,3.0185014057319917,lm,4,NA
harrito02,NA,NA,2026,blk_per_36_min,0.7437708605612986,lm,4,NA
harrito02,NA,NA,2026,fg_percent,0.48222237594467277,lm,4,NA
harrito02,NA,NA,2026,ft_percent,0.8735774361134139,lm,5,NA
harrito02,NA,NA,2026,pts_per_36_min,16.20863309352518,exp,3,0.7
harrito02,NA,NA,2026,stl_per_36_min,1.0803689783611978,lm,4,NA
harrito02,NA,NA,2026,tov_per_36_min,1.3545025269313153,lm,4,NA
harrito02,NA,NA,2026,trb_per_36_min,6.7234719270777425,lm,5,NA
harrito02,NA,NA,2026,x3p_per_36_min,1.5038627341967863,lm,5,NA
harteis01,NA,NA,2026,ast_per_36_min,4.571763241493983,lm,4,NA
harteis01,NA,NA,2026,blk_per_36_min,1.5249663147188812,lm,4,NA
harteis01,NA,NA,2026,fg_percent,0.5833618602090268,lm,4,NA
harteis01,NA,NA,2026,pts_per_36_min,13.338129496402878,exp,3,0.7
harteis01,NA,NA,2026,stl_per_36_min,1.2792988536121144,lm,4,NA
harteis01,NA,NA,2026,tov_per_36_min,2.024979894492581,lm,4,NA
harteis01,NA,NA,2026,trb_per_36_min,12.692898130756022,lm,5,NA
harteis01,NA,NA,2026,x3p_per_36_min,0.24473396692498725,lm,5,NA
hartjo01,NA,NA,2026,ast_per_36_min,5.19797187914569,lm,4,NA
hartjo01,NA,NA,2026,blk_per_36_min,0.32207357592033364,lm,4,NA
hartjo01,NA,NA,2026,pts_per_36_min,12.327338129496402,exp,3,0.7
hartjo01,NA,NA,2026,stl_per_36_min,1.2775561867337069,lm,4,NA
hartjo01,NA,NA,2026,tov_per_36_min,1.8979608203966796,lm,4,NA
hartjo01,NA,NA,2026,trb_per_36_min,8.95588706716814,lm,5,NA
hartjo01,NA,NA,2026,x3p_per_36_min,1.219689793787723,lm,5,NA
hausesa01,NA,NA,2026,pts_per_36_min,14.242446043165467,exp,3,0.7
herroty01,NA,NA,2026,ast_per_36_min,5.2352932119791324,lm,4,NA
herroty01,NA,NA,2026,blk_per_36_min,0.19245390743628638,lm,4,NA
herroty01,NA,NA,2026,fg_percent,0.4621113426959352,lm,4,NA
herroty01,NA,NA,2026,ft_percent,0.8870201927433806,lm,5,NA
herroty01,NA,NA,2026,pts_per_36_min,23.656834532374102,exp,3,0.7
herroty01,NA,NA,2026,stl_per_36_min,0.8614326175825081,lm,4,NA
herroty01,NA,NA,2026,tov_per_36_min,2.4742633716162508,lm,4,NA
herroty01,NA,NA,2026,trb_per_36_min,5.365604888455227,lm,5,NA
herroty01,NA,NA,2026,x3p_per_36_min,3.2067322773061386,lm,5,NA
hieldbu01,NA,NA,2026,ast_per_36_min,3.2107619233892577,lm,4,NA
hieldbu01,NA,NA,2026,blk_per_36_min,0.44661565236790085,lm,4,NA
hieldbu01,NA,NA,2026,pts_per_36_min,17.571942446043167,exp,3,0.7
hieldbu01,NA,NA,2026,stl_per_36_min,1.228772211896747,lm,4,NA
hieldbu01,NA,NA,2026,tov_per_36_min,1.8182022556372845,lm,4,NA
hieldbu01,NA,NA,2026,trb_per_36_min,4.909813005981203,lm,5,NA
hieldbu01,NA,NA,2026,x3p_per_36_min,3.751057323680462,lm,5,NA
holidjr01,NA,NA,2026,ast_per_36_min,5.516170158095143,lm,4,NA
holidjr01,NA,NA,2026,blk_per_36_min,0.5354989906119911,lm,4,NA
holidjr01,NA,NA,2026,fg_percent,0.46238979871807684,lm,4,NA
holidjr01,NA,NA,2026,ft_percent,0.8587591195618578,lm,5,NA
holidjr01,NA,NA,2026,pts_per_36_min,13.688489208633094,exp,3,0.7
holidjr01,NA,NA,2026,stl_per_36_min,1.236177741009342,lm,4,NA
holidjr01,NA,NA,2026,tov_per_36_min,1.8438086406751655,lm,4,NA
holidjr01,NA,NA,2026,trb_per_36_min,5.113523033779059,lm,5,NA
holidjr01,NA,NA,2026,x3p_per_36_min,2.1863521028623394,lm,5,NA
horfoal01,NA,NA,2026,ast_per_36_min,3.3784177628194385,lm,4,NA
horfoal01,NA,NA,2026,blk_per_36_min,1.194768407374705,lm,4,NA
horfoal01,NA,NA,2026,fg_percent,0.448673834526863,lm,4,NA
horfoal01,NA,NA,2026,pts_per_36_min,11.66546762589928,exp,3,0.7
horfoal01,NA,NA,2026,stl_per_36_min,0.7973791196130307,lm,4,NA
horfoal01,NA,NA,2026,tov_per_36_min,1.0283818621191796,lm,4,NA
huertke01,NA,NA,2026,ast_per_36_min,3.6211396483320946,lm,4,NA
huertke01,NA,NA,2026,blk_per_36_min,0.45582120814918237,lm,4,NA
huertke01,NA,NA,2026,pts_per_36_min,14.990887290167866,exp,3,0.7
huertke01,NA,NA,2026,stl_per_36_min,1.2078887886482035,lm,4,NA
huertke01,NA,NA,2026,tov_per_36_min,1.4395658332105157,lm,4,NA
huertke01,NA,NA,2026,trb_per_36_min,4.357031639628288,lm,5,NA
huertke01,NA,NA,2026,x3p_per_36_min,2.808386151720173,lm,5,NA
huntede01,NA,NA,2026,ast_per_36_min,2.092204854827151,lm,4,NA
huntede01,NA,NA,2026,blk_per_36_min,0.35371739008088987,lm,4,NA
huntede01,NA,NA,2026,pts_per_36_min,21.292086330935252,exp,3,0.7
huntede01,NA,NA,2026,stl_per_36_min,0.885477824468044,lm,4,NA
huntede01,NA,NA,2026,tov_per_36_min,1.6243714784893906,lm,4,NA
irvinky01,NA,NA,2026,ast_per_36_min,5.0095467059127685,lm,4,NA
irvinky01,NA,NA,2026,blk_per_36_min,0.5498537671705439,lm,4,NA
irvinky01,NA,NA,2026,pts_per_36_min,25.076978417266186,exp,3,0.7
irvinky01,NA,NA,2026,stl_per_36_min,1.2332420569067803,lm,4,NA
irvinky01,NA,NA,2026,tov_per_36_min,2.092018672740044,lm,4,NA
irvinky01,NA,NA,2026,trb_per_36_min,4.717651463801668,lm,5,NA
irvinky01,NA,NA,2026,x3p_per_36_min,2.9662986891890606,lm,5,NA
jacksja02,NA,NA,2026,ast_per_36_min,2.418015924568538,lm,4,NA
jacksja02,NA,NA,2026,blk_per_36_min,2.2081005737905044,lm,4,NA
jacksja02,NA,NA,2026,fg_percent,0.47457465297971657,lm,4,NA
jacksja02,NA,NA,2026,pts_per_36_min,26.24748201438849,exp,3,0.7
jacksja02,NA,NA,2026,stl_per_36_min,1.3562460350084398,lm,4,NA
jacksja02,NA,NA,2026,tov_per_36_min,2.3977510657919323,lm,4,NA
jamesle01,NA,NA,2026,ast_per_36_min,7.8681575294871156,lm,4,NA
jamesle01,NA,NA,2026,blk_per_36_min,0.6504517542306558,lm,4,NA
jamesle01,NA,NA,2026,fg_percent,0.5144145886630693,lm,4,NA
jamesle01,NA,NA,2026,ft_percent,0.7702844705593682,lm,5,NA
jamesle01,NA,NA,2026,pts_per_36_min,25.681294964028773,exp,3,0.7
jamesle01,NA,NA,2026,stl_per_36_min,1.07499387381416,lm,4,NA
jamesle01,NA,NA,2026,tov_per_36_min,3.4859337249374653,lm,4,NA
jamesle01,NA,NA,2026,trb_per_36_min,7.8382572715115355,lm,5,NA
jamesle01,NA,NA,2026,x3p_per_36_min,2.296909393267137,lm,5,NA
joeis01,NA,NA,2026,pts_per_36_min,16.792805755395683,exp,3,0.7
johnsca02,NA,NA,2026,ast_per_36_min,3.5205013021772307,lm,4,NA
johnsca02,NA,NA,2026,blk_per_36_min,0.42625091062411247,lm,4,NA
johnsca02,NA,NA,2026,pts_per_36_min,20.43956834532374,exp,3,0.7
johnsca02,NA,NA,2026,stl_per_36_min,1.178137489738685,lm,4,NA
johnsca02,NA,NA,2026,tov_per_36_min,1.7152061748972045,lm,4,NA
johnsca02,NA,NA,2026,trb_per_36_min,5.0811689431226075,lm,5,NA
johnsca02,NA,NA,2026,x3p_per_36_min,3.195120287333915,lm,5,NA
johnsja05,NA,NA,2026,pts_per_36_min,18.312230215827338,exp,3,0.7
johnske04,NA,NA,2026,ast_per_36_min,2.8579651478725188,lm,4,NA
johnske04,NA,NA,2026,blk_per_36_min,0.34590715765166774,lm,4,NA
johnske04,NA,NA,2026,fg_percent,0.47353905783760075,lm,4,NA
johnske04,NA,NA,2026,ft_percent,0.7791349453268593,lm,5,NA
johnske04,NA,NA,2026,pts_per_36_min,19.502158273381294,exp,3,0.7
johnske04,NA,NA,2026,stl_per_36_min,0.9347423919856829,lm,4,NA
johnske04,NA,NA,2026,tov_per_36_min,1.6381283438968675,lm,4,NA
johnske04,NA,NA,2026,trb_per_36_min,6.968610912492468,lm,5,NA
johnske04,NA,NA,2026,x3p_per_36_min,1.9777197935051065,lm,5,NA
jokicni01,NA,NA,2026,ast_per_36_min,9.529013291902983,lm,4,NA
jokicni01,NA,NA,2026,blk_per_36_min,0.7102392502642599,lm,4,NA
jokicni01,NA,NA,2026,fg_percent,0.5791393727746604,lm,4,NA
jokicni01,NA,NA,2026,ft_percent,0.817995122324421,lm,5,NA
jokicni01,NA,NA,2026,pts_per_36_min,28.473381294964028,exp,3,0.7
jokicni01,NA,NA,2026,stl_per_36_min,1.4939482391254062,lm,4,NA
jokicni01,NA,NA,2026,tov_per_36_min,3.1548001524151754,lm,4,NA
jokicni01,NA,NA,2026,trb_per_36_min,12.609414347581557,lm,5,NA
jokicni01,NA,NA,2026,x3p_per_36_min,1.7208647416708105,lm,5,NA
jonestr01,NA,NA,2026,ast_per_36_min,7.6145626993666635,lm,4,NA
jonestr01,NA,NA,2026,blk_per_36_min,0.3144480119337836,lm,4,NA
jonestr01,NA,NA,2026,pts_per_36_min,13.259712230215827,exp,3,0.7
jonestr01,NA,NA,2026,stl_per_36_min,1.3918211638238527,lm,4,NA
jonestr01,NA,NA,2026,tov_per_36_min,1.5688730125648243,lm,4,NA
jonesty01,NA,NA,2026,ast_per_36_min,7.448945738030029,lm,4,NA
jonesty01,NA,NA,2026,blk_per_36_min,0.1473106272338553,lm,4,NA
jonesty01,NA,NA,2026,fg_percent,0.45382010702042597,lm,4,NA
jonesty01,NA,NA,2026,ft_percent,0.8294100094415345,lm,5,NA
jonesty01,NA,NA,2026,pts_per_36_min,14.019424460431654,exp,3,0.7
jonesty01,NA,NA,2026,stl_per_36_min,1.2519358010899075,lm,4,NA
jonesty01,NA,NA,2026,tov_per_36_min,1.438658351784617,lm,4,NA
jonesty01,NA,NA,2026,trb_per_36_min,3.3083271121018942,lm,5,NA
jonesty01,NA,NA,2026,x3p_per_36_min,2.478485467518478,lm,5,NA
kesslwa01,NA,NA,2026,pts_per_36_min,13.198561151079138,exp,3,0.7
kispeco01,NA,NA,2026,ast_per_36_min,2.434466031364778,lm,4,NA
kispeco01,NA,NA,2026,blk_per_36_min,0.32138024481211813,lm,4,NA
kispeco01,NA,NA,2026,fg_percent,0.4627417775347738,lm,4,NA
kispeco01,NA,NA,2026,pts_per_36_min,16.29424460431655,exp,3,0.7
kispeco01,NA,NA,2026,stl_per_36_min,0.6877414733515288,lm,4,NA
kispeco01,NA,NA,2026,tov_per_36_min,1.3819346449166359,lm,4,NA
kuminjo01,NA,NA,2026,ast_per_36_min,3.232500105470137,lm,4,NA
kuminjo01,NA,NA,2026,blk_per_36_min,0.702180619460287,lm,4,NA
kuminjo01,NA,NA,2026,fg_percent,0.4808885713073864,lm,4,NA
kuminjo01,NA,NA,2026,pts_per_36_min,22.09928057553957,exp,3,0.7
kuminjo01,NA,NA,2026,stl_per_36_min,1.0931481245494064,lm,4,NA
kuminjo01,NA,NA,2026,tov_per_36_min,2.194863616672468,lm,4,NA
kuzmaky01,NA,NA,2026,ast_per_36_min,3.542896477014313,lm,4,NA
kuzmaky01,NA,NA,2026,blk_per_36_min,0.5620176726851089,lm,4,NA
kuzmaky01,NA,NA,2026,pts_per_36_min,19.648920863309353,exp,3,0.7
kuzmaky01,NA,NA,2026,stl_per_36_min,0.6893374463165584,lm,4,NA
kuzmaky01,NA,NA,2026,tov_per_36_min,2.7136907222962297,lm,4,NA
kuzmaky01,NA,NA,2026,trb_per_36_min,7.202321722662559,lm,5,NA
kuzmaky01,NA,NA,2026,x3p_per_36_min,2.002575772831786,lm,5,NA
leonaka01,NA,NA,2026,pts_per_36_min,24.507194244604317,exp,3,0.7
leverca01,NA,NA,2026,ast_per_36_min,5.109452682722183,lm,4,NA
leverca01,NA,NA,2026,blk_per_36_min,0.5955028528573965,lm,4,NA
leverca01,NA,NA,2026,pts_per_36_min,17.467146282973623,exp,3,0.7
leverca01,NA,NA,2026,stl_per_36_min,1.2360792462102796,lm,4,NA
leverca01,NA,NA,2026,tov_per_36_min,1.7831029211326637,lm,4,NA
leverca01,NA,NA,2026,trb_per_36_min,4.64291763775446,lm,5,NA
leverca01,NA,NA,2026,x3p_per_36_min,2.217571498045378,lm,5,NA
lillada01,NA,NA,2026,ast_per_36_min,7.094194767221363,lm,4,NA
lillada01,NA,NA,2026,blk_per_36_min,0.29171813909387834,lm,4,NA
lillada01,NA,NA,2026,fg_percent,0.442698965252913,lm,4,NA
lillada01,NA,NA,2026,ft_percent,0.9173502705538478,lm,5,NA
lillada01,NA,NA,2026,pts_per_36_min,25.331654676258992,exp,3,0.7
lillada01,NA,NA,2026,stl_per_36_min,1.029524262760775,lm,4,NA
lillada01,NA,NA,2026,tov_per_36_min,2.7373994927761376,lm,4,NA
lillada01,NA,NA,2026,trb_per_36_min,4.462577798645517,lm,5,NA
lillada01,NA,NA,2026,x3p_per_36_min,3.284779926865976,lm,5,NA
looneke01,NA,NA,2026,ast_per_36_min,3.8698039825101436,lm,4,NA
looneke01,NA,NA,2026,blk_per_36_min,1.0405052247110647,lm,4,NA
looneke01,NA,NA,2026,fg_percent,0.5431484171606475,lm,4,NA
looneke01,NA,NA,2026,ft_percent,0.633606148165651,lm,5,NA
looneke01,NA,NA,2026,pts_per_36_min,10.635971223021585,exp,3,0.7
looneke01,NA,NA,2026,stl_per_36_min,1.1430237105211023,lm,4,NA
looneke01,NA,NA,2026,tov_per_36_min,1.239246894034187,lm,4,NA
looneke01,NA,NA,2026,trb_per_36_min,13.50203248612979,lm,5,NA
looneke01,NA,NA,2026,x3p_per_36_min,0.2331316333723183,lm,5,NA
lopezbr01,NA,NA,2026,pts_per_36_min,14.987050359712228,exp,3,0.7
lylestr01,NA,NA,2026,ast_per_36_min,2.3981064821909905,lm,4,NA
lylestr01,NA,NA,2026,blk_per_36_min,0.650877617437949,lm,4,NA
lylestr01,NA,NA,2026,pts_per_36_min,12.487769784172663,exp,3,0.7
lylestr01,NA,NA,2026,stl_per_36_min,0.8638273207657647,lm,4,NA
lylestr01,NA,NA,2026,tov_per_36_min,1.204926322888933,lm,4,NA
mannte01,NA,NA,2026,ast_per_36_min,3.232908301862446,lm,4,NA
mannte01,NA,NA,2026,blk_per_36_min,0.3623628114442866,lm,4,NA
mannte01,NA,NA,2026,pts_per_36_min,13.126858513189447,exp,3,0.7
mannte01,NA,NA,2026,stl_per_36_min,0.9847755274284818,lm,4,NA
mannte01,NA,NA,2026,tov_per_36_min,1.2352221217884398,lm,4,NA
mannte01,NA,NA,2026,trb_per_36_min,5.274839729019419,lm,5,NA
mannte01,NA,NA,2026,x3p_per_36_min,1.5410366860748343,lm,5,NA
markkla01,NA,NA,2026,ast_per_36_min,2.053449214393595,lm,4,NA
markkla01,NA,NA,2026,blk_per_36_min,0.49098531158569675,lm,4,NA
markkla01,NA,NA,2026,fg_percent,0.444874438708869,lm,4,NA
markkla01,NA,NA,2026,ft_percent,0.8873872646880349,lm,5,NA
markkla01,NA,NA,2026,pts_per_36_min,22.879136690647485,exp,3,0.7
markkla01,NA,NA,2026,stl_per_36_min,0.8636667963518124,lm,4,NA
markkla01,NA,NA,2026,tov_per_36_min,1.6055854011227153,lm,4,NA
markkla01,NA,NA,2026,trb_per_36_min,7.275501066280152,lm,5,NA
markkla01,NA,NA,2026,x3p_per_36_min,3.219030287168349,lm,5,NA
marshna01,NA,NA,2026,pts_per_36_min,16.079136690647484,exp,3,0.7
martica02,NA,NA,2026,ast_per_36_min,2.866275014597387,lm,4,NA
martica02,NA,NA,2026,blk_per_36_min,0.6308653050358728,lm,4,NA
martica02,NA,NA,2026,pts_per_36_min,11.025419664268586,exp,3,0.7
martica02,NA,NA,2026,stl_per_36_min,1.2420335018895516,lm,4,NA
martica02,NA,NA,2026,tov_per_36_min,1.6086012678971455,lm,4,NA
martike04,NA,NA,2026,ast_per_36_min,2.2302776643798348,lm,4,NA
martike04,NA,NA,2026,blk_per_36_min,0.7833440759428265,lm,4,NA
martike04,NA,NA,2026,pts_per_36_min,11.189688249400481,exp,3,0.7
martike04,NA,NA,2026,stl_per_36_min,0.8854000513566368,lm,4,NA
martike04,NA,NA,2026,tov_per_36_min,1.1769250333257122,lm,4,NA
martike04,NA,NA,2026,trb_per_36_min,5.471262923972723,lm,5,NA
martike04,NA,NA,2026,x3p_per_36_min,0.8651191135488487,lm,5,NA
mathube01,NA,NA,2026,pts_per_36_min,19.63956834532374,exp,3,0.7
maxeyty01,NA,NA,2026,ast_per_36_min,5.455257316937231,lm,4,NA
maxeyty01,NA,NA,2026,blk_per_36_min,0.3825014962482422,lm,4,NA
maxeyty01,NA,NA,2026,fg_percent,0.45371290672961123,lm,4,NA
maxeyty01,NA,NA,2026,pts_per_36_min,24.836690647482015,exp,3,0.7
maxeyty01,NA,NA,2026,stl_per_36_min,1.1957206609140516,lm,4,NA
maxeyty01,NA,NA,2026,tov_per_36_min,1.987568357737289,lm,4,NA
mccolcj01,NA,NA,2026,ast_per_36_min,4.949280789698814,lm,4,NA
mccolcj01,NA,NA,2026,blk_per_36_min,0.5048159754605728,lm,4,NA
mccolcj01,NA,NA,2026,pts_per_36_min,22.81798561151079,exp,3,0.7
mccolcj01,NA,NA,2026,stl_per_36_min,0.9846609901898422,lm,4,NA
mccolcj01,NA,NA,2026,tov_per_36_min,2.063099042091226,lm,4,NA
mccolcj01,NA,NA,2026,trb_per_36_min,4.265527594358922,lm,5,NA
mccolcj01,NA,NA,2026,x3p_per_36_min,3.326802379200901,lm,5,NA
mccontj01,NA,NA,2026,pts_per_36_min,18.537410071942446,exp,3,0.7
mcdanja02,NA,NA,2026,ast_per_36_min,2.2904642827504107,lm,4,NA
mcdanja02,NA,NA,2026,blk_per_36_min,0.9497218675567007,lm,4,NA
mcdanja02,NA,NA,2026,fg_percent,0.480984318621149,lm,4,NA
mcdanja02,NA,NA,2026,ft_percent,0.762122027249953,lm,5,NA
mcdanja02,NA,NA,2026,pts_per_36_min,13.631654676258995,exp,3,0.7
mcdanja02,NA,NA,2026,stl_per_36_min,1.2319339955337394,lm,4,NA
mcdanja02,NA,NA,2026,tov_per_36_min,1.409904034568329,lm,4,NA
mcdanja02,NA,NA,2026,trb_per_36_min,5.624884455569393,lm,5,NA
mcdanja02,NA,NA,2026,x3p_per_36_min,1.5261498786404981,lm,5,NA
miltosh01,NA,NA,2026,ast_per_36_min,4.526673625373788,lm,4,NA
miltosh01,NA,NA,2026,blk_per_36_min,0.3173168958588174,lm,4,NA
miltosh01,NA,NA,2026,pts_per_36_min,13.639568345323742,exp,3,0.7
miltosh01,NA,NA,2026,stl_per_36_min,0.9847438776639905,lm,4,NA
miltosh01,NA,NA,2026,tov_per_36_min,1.7347877247929973,lm,4,NA
miltosh01,NA,NA,2026,trb_per_36_min,4.754058074364849,lm,5,NA
miltosh01,NA,NA,2026,x3p_per_36_min,1.515663937630723,lm,5,NA
mitchda01,NA,NA,2026,ast_per_36_min,5.813298155714734,lm,4,NA
mitchda01,NA,NA,2026,blk_per_36_min,0.3191274489608414,lm,4,NA
mitchda01,NA,NA,2026,pts_per_36_min,10.931414868105517,exp,3,0.7
mitchda01,NA,NA,2026,stl_per_36_min,1.046165210447809,lm,4,NA
mitchda01,NA,NA,2026,tov_per_36_min,1.9888150282584334,lm,4,NA
mitchdo01,NA,NA,2026,ast_per_36_min,5.694792691647756,lm,4,NA
mitchdo01,NA,NA,2026,blk_per_36_min,0.3623073725846158,lm,4,NA
mitchdo01,NA,NA,2026,fg_percent,0.4531379765213714,lm,4,NA
mitchdo01,NA,NA,2026,ft_percent,0.8575773676479087,lm,5,NA
mitchdo01,NA,NA,2026,pts_per_36_min,27.406474820143885,exp,3,0.7
mitchdo01,NA,NA,2026,stl_per_36_min,1.5401625853018435,lm,4,NA
mitchdo01,NA,NA,2026,tov_per_36_min,2.467838349840051,lm,4,NA
mitchdo01,NA,NA,2026,trb_per_36_min,4.94983632126787,lm,5,NA
mitchdo01,NA,NA,2026,x3p_per_36_min,3.639724967567129,lm,5,NA
mobleev01,NA,NA,2026,ast_per_36_min,3.7190633686895342,lm,4,NA
mobleev01,NA,NA,2026,blk_per_36_min,1.7025587890248082,lm,4,NA
mobleev01,NA,NA,2026,fg_percent,0.5475377881911,lm,4,NA
mobleev01,NA,NA,2026,pts_per_36_min,20.820863309352514,exp,3,0.7
mobleev01,NA,NA,2026,stl_per_36_min,0.9799876085333934,lm,4,NA
mobleev01,NA,NA,2026,tov_per_36_min,2.2160563274512506,lm,4,NA
monkma01,NA,NA,2026,ast_per_36_min,6.046442633328706,lm,4,NA
monkma01,NA,NA,2026,blk_per_36_min,0.6082999790561362,lm,4,NA
monkma01,NA,NA,2026,fg_percent,0.4484600898375577,lm,4,NA
monkma01,NA,NA,2026,pts_per_36_min,20.109352517985613,exp,3,0.7
monkma01,NA,NA,2026,stl_per_36_min,1.020334831361649,lm,4,NA
monkma01,NA,NA,2026,tov_per_36_min,2.7087075766973863,lm,4,NA
murphtr02,NA,NA,2026,pts_per_36_min,20.641007194244605,exp,3,0.7
murrade01,NA,NA,2026,ast_per_36_min,7.760455022637652,lm,4,NA
murrade01,NA,NA,2026,blk_per_36_min,0.3625147300614974,lm,4,NA
murrade01,NA,NA,2026,fg_percent,0.4240648907634186,lm,4,NA
murrade01,NA,NA,2026,ft_percent,0.8168519564836907,lm,5,NA
murrade01,NA,NA,2026,pts_per_36_min,20.09856115107914,exp,3,0.7
murrade01,NA,NA,2026,stl_per_36_min,1.7172428826183386,lm,4,NA
murrade01,NA,NA,2026,tov_per_36_min,3.1926235300606214,lm,4,NA
murrade01,NA,NA,2026,trb_per_36_min,6.785779589020551,lm,5,NA
murrade01,NA,NA,2026,x3p_per_36_min,1.920977588413768,lm,5,NA
murraja01,NA,NA,2026,pts_per_36_min,22.03669064748201,exp,3,0.7
murrake02,NA,NA,2026,pts_per_36_min,13.828776978417265,exp,3,0.7
nembhan01,NA,NA,2026,pts_per_36_min,12.659712230215828,exp,3,0.7
nesmiaa01,NA,NA,2026,pts_per_36_min,16.801438848920863,exp,3,0.7
niangge01,NA,NA,2026,ast_per_36_min,2.4614006207685772,lm,4,NA
niangge01,NA,NA,2026,blk_per_36_min,0.3339790222688959,lm,4,NA
niangge01,NA,NA,2026,pts_per_36_min,16.425419664268585,exp,3,0.7
niangge01,NA,NA,2026,stl_per_36_min,0.6789816781332487,lm,4,NA
niangge01,NA,NA,2026,tov_per_36_min,1.6016262066912645,lm,4,NA
niangge01,NA,NA,2026,trb_per_36_min,5.294603104931526,lm,5,NA
niangge01,NA,NA,2026,x3p_per_36_min,3.3741265005434795,lm,5,NA
nurkiju01,NA,NA,2026,ast_per_36_min,4.247613813113947,lm,4,NA
nurkiju01,NA,NA,2026,blk_per_36_min,1.0951575278659784,lm,4,NA
nurkiju01,NA,NA,2026,pts_per_36_min,15.448441247002398,exp,3,0.7
nurkiju01,NA,NA,2026,stl_per_36_min,1.2800832464195202,lm,4,NA
nurkiju01,NA,NA,2026,tov_per_36_min,3.0841640874903433,lm,4,NA
okongon01,NA,NA,2026,pts_per_36_min,16.479136690647483,exp,3,0.7
okorois01,NA,NA,2026,ast_per_36_min,2.5157462435426323,lm,4,NA
okorois01,NA,NA,2026,blk_per_36_min,0.53011539935855,lm,4,NA
okorois01,NA,NA,2026,fg_percent,0.4739891938785152,lm,4,NA
okorois01,NA,NA,2026,ft_percent,0.7238646340015409,lm,5,NA
okorois01,NA,NA,2026,pts_per_36_min,11.620863309352519,exp,3,0.7
okorois01,NA,NA,2026,stl_per_36_min,1.1076649682915023,lm,4,NA
okorois01,NA,NA,2026,tov_per_36_min,0.9244374383095405,lm,4,NA
okorois01,NA,NA,2026,trb_per_36_min,4.031523625518575,lm,5,NA
okorois01,NA,NA,2026,x3p_per_36_min,1.757100624200761,lm,5,NA
olynyke01,NA,NA,2026,pts_per_36_min,15.61127098321343,exp,3,0.7
onealro01,NA,NA,2026,ast_per_36_min,3.560163836851991,lm,4,NA
onealro01,NA,NA,2026,blk_per_36_min,0.6678390767149894,lm,4,NA
onealro01,NA,NA,2026,pts_per_36_min,12.647482014388489,exp,3,0.7
onealro01,NA,NA,2026,stl_per_36_min,1.1673156024571207,lm,4,NA
onealro01,NA,NA,2026,tov_per_36_min,1.3690769589296135,lm,4,NA
onealro01,NA,NA,2026,trb_per_36_min,6.651524861185644,lm,5,NA
onealro01,NA,NA,2026,x3p_per_36_min,3.0665468988356284,lm,5,NA
oubreke01,NA,NA,2026,ast_per_36_min,2.0340057178258166,lm,4,NA
oubreke01,NA,NA,2026,blk_per_36_min,0.5532329609474592,lm,4,NA
oubreke01,NA,NA,2026,fg_percent,0.45897683046239945,lm,4,NA
oubreke01,NA,NA,2026,ft_percent,0.7546303335851183,lm,5,NA
oubreke01,NA,NA,2026,pts_per_36_min,16.729496402877697,exp,3,0.7
oubreke01,NA,NA,2026,stl_per_36_min,1.4474379734371186,lm,4,NA
oubreke01,NA,NA,2026,tov_per_36_min,1.4340534181889004,lm,4,NA
oubreke01,NA,NA,2026,trb_per_36_min,6.154910673877735,lm,5,NA
oubreke01,NA,NA,2026,x3p_per_36_min,1.7688821009487243,lm,5,NA
paulch01,NA,NA,2026,ast_per_36_min,9.649953480764173,lm,4,NA
paulch01,NA,NA,2026,blk_per_36_min,0.30139347862537336,lm,4,NA
paulch01,NA,NA,2026,fg_percent,0.4434859650302594,lm,4,NA
paulch01,NA,NA,2026,ft_percent,0.85665505126208,lm,5,NA
paulch01,NA,NA,2026,pts_per_36_min,11.909352517985612,exp,3,0.7
paulch01,NA,NA,2026,stl_per_36_min,1.5794261412627326,lm,4,NA
paulch01,NA,NA,2026,tov_per_36_min,1.9884707138345021,lm,4,NA
paulch01,NA,NA,2026,trb_per_36_min,4.712587912039448,lm,5,NA
paulch01,NA,NA,2026,x3p_per_36_min,1.9947414779790738,lm,5,NA
poeltja01,NA,NA,2026,ast_per_36_min,3.6247780066150694,lm,4,NA
poeltja01,NA,NA,2026,blk_per_36_min,1.6642195641740425,lm,4,NA
poeltja01,NA,NA,2026,pts_per_36_min,17.021582733812952,exp,3,0.7
poeltja01,NA,NA,2026,stl_per_36_min,1.1936949881156835,lm,4,NA
poeltja01,NA,NA,2026,tov_per_36_min,2.2541018746399084,lm,4,NA
poeltja01,NA,NA,2026,trb_per_36_min,11.566251177183673,lm,5,NA
poeltja01,NA,NA,2026,x3p_per_36_min,0.17398012148461842,lm,5,NA
poolejo01,NA,NA,2026,ast_per_36_min,5.416716371627557,lm,4,NA
poolejo01,NA,NA,2026,blk_per_36_min,0.44024355390745107,lm,4,NA
poolejo01,NA,NA,2026,fg_percent,0.43551152144425537,lm,4,NA
poolejo01,NA,NA,2026,pts_per_36_min,24.06115107913669,exp,3,0.7
poolejo01,NA,NA,2026,stl_per_36_min,1.2279146445638107,lm,4,NA
poolejo01,NA,NA,2026,tov_per_36_min,3.3672021006713027,lm,4,NA
portemi01,NA,NA,2026,pts_per_36_min,19.456115107913668,exp,3,0.7
portibo01,NA,NA,2026,ast_per_36_min,2.7416726121407846,lm,4,NA
portibo01,NA,NA,2026,blk_per_36_min,0.693168393257306,lm,4,NA
portibo01,NA,NA,2026,fg_percent,0.47705860335274686,lm,4,NA
portibo01,NA,NA,2026,ft_percent,0.7989341309090076,lm,5,NA
portibo01,NA,NA,2026,pts_per_36_min,19.816546762589926,exp,3,0.7
portibo01,NA,NA,2026,stl_per_36_min,0.9605252964251058,lm,4,NA
portibo01,NA,NA,2026,tov_per_36_min,1.6002598592237307,lm,4,NA
portibo01,NA,NA,2026,trb_per_36_min,11.725139260904351,lm,5,NA
portibo01,NA,NA,2026,x3p_per_36_min,2.008799791572473,lm,5,NA
porzikr01,NA,NA,2026,ast_per_36_min,2.8998490503692658,lm,4,NA
porzikr01,NA,NA,2026,blk_per_36_min,1.8627369146416428,lm,4,NA
porzikr01,NA,NA,2026,pts_per_36_min,24.405755395683453,exp,3,0.7
porzikr01,NA,NA,2026,stl_per_36_min,0.9404994405094984,lm,4,NA
porzikr01,NA,NA,2026,tov_per_36_min,1.7406491444301213,lm,4,NA
porzikr01,NA,NA,2026,trb_per_36_min,8.76639577014452,lm,5,NA
porzikr01,NA,NA,2026,x3p_per_36_min,2.748563462144018,lm,5,NA
powelno01,NA,NA,2026,ast_per_36_min,2.525419831042582,lm,4,NA
powelno01,NA,NA,2026,blk_per_36_min,0.3811641213376842,lm,4,NA
powelno01,NA,NA,2026,pts_per_36_min,22.90359712230216,exp,3,0.7
powelno01,NA,NA,2026,stl_per_36_min,1.0842307798600233,lm,4,NA
powelno01,NA,NA,2026,tov_per_36_min,1.8822512025784615,lm,4,NA
powelno01,NA,NA,2026,trb_per_36_min,3.4481473805640768,lm,5,NA
powelno01,NA,NA,2026,x3p_per_36_min,3.1251596920405493,lm,5,NA
princta02,NA,NA,2026,ast_per_36_min,2.656861439184437,lm,4,NA
princta02,NA,NA,2026,blk_per_36_min,0.42131511854371606,lm,4,NA
princta02,NA,NA,2026,fg_percent,0.45799063739878293,lm,4,NA
princta02,NA,NA,2026,pts_per_36_min,11.374820143884893,exp,3,0.7
princta02,NA,NA,2026,stl_per_36_min,1.1022468515120005,lm,4,NA
princta02,NA,NA,2026,tov_per_36_min,1.4819442113156056,lm,4,NA
princta02,NA,NA,2026,trb_per_36_min,4.599340091407842,lm,5,NA
princta02,NA,NA,2026,x3p_per_36_min,2.4289217491983983,lm,5,NA
randlju01,NA,NA,2026,ast_per_36_min,5.157695009172786,lm,4,NA
randlju01,NA,NA,2026,blk_per_36_min,0.37145136041635785,lm,4,NA
randlju01,NA,NA,2026,fg_percent,0.46962101941762574,lm,4,NA
randlju01,NA,NA,2026,ft_percent,0.7847745534656739,lm,5,NA
randlju01,NA,NA,2026,pts_per_36_min,21.859712230215827,exp,3,0.7
randlju01,NA,NA,2026,stl_per_36_min,0.7377746087943279,lm,4,NA
randlju01,NA,NA,2026,tov_per_36_min,3.064588256992232,lm,4,NA
randlju01,NA,NA,2026,trb_per_36_min,8.590135175733348,lm,5,NA
randlju01,NA,NA,2026,x3p_per_36_min,1.8138063995639746,lm,5,NA
reaveau01,NA,NA,2026,ast_per_36_min,5.368896339898189,lm,4,NA
reaveau01,NA,NA,2026,blk_per_36_min,0.3683205650141935,lm,4,NA
reaveau01,NA,NA,2026,fg_percent,0.47223092429204316,lm,4,NA
reaveau01,NA,NA,2026,pts_per_36_min,19.86115107913669,exp,3,0.7
reaveau01,NA,NA,2026,stl_per_36_min,0.9146260491908749,lm,4,NA
reaveau01,NA,NA,2026,tov_per_36_min,2.266915302630085,lm,4,NA
reidna01,NA,NA,2026,ast_per_36_min,2.8359577937475793,lm,4,NA
reidna01,NA,NA,2026,blk_per_36_min,1.3683822691013354,lm,4,NA
reidna01,NA,NA,2026,fg_percent,0.47791193076995137,lm,4,NA
reidna01,NA,NA,2026,ft_percent,0.739473866682984,lm,5,NA
reidna01,NA,NA,2026,pts_per_36_min,19.154676258992808,exp,3,0.7
reidna01,NA,NA,2026,stl_per_36_min,1.0719911271196954,lm,4,NA
reidna01,NA,NA,2026,tov_per_36_min,1.9301301266858504,lm,4,NA
reidna01,NA,NA,2026,trb_per_36_min,8.050016098151023,lm,5,NA
reidna01,NA,NA,2026,x3p_per_36_min,2.7027805877236646,lm,5,NA
richani01,NA,NA,2026,pts_per_36_min,14.822302158273382,exp,3,0.7
roziete01,NA,NA,2026,ast_per_36_min,4.437025484451576,lm,4,NA
roziete01,NA,NA,2026,blk_per_36_min,0.34646980165138325,lm,4,NA
roziete01,NA,NA,2026,pts_per_36_min,16.543165467625897,exp,3,0.7
roziete01,NA,NA,2026,stl_per_36_min,1.0273999412585055,lm,4,NA
roziete01,NA,NA,2026,tov_per_36_min,1.758070173430548,lm,4,NA
roziete01,NA,NA,2026,trb_per_36_min,4.779366339215308,lm,5,NA
roziete01,NA,NA,2026,x3p_per_36_min,2.323229038102636,lm,5,NA
russeda01,NA,NA,2026,ast_per_36_min,7.223711787746114,lm,4,NA
russeda01,NA,NA,2026,blk_per_36_min,0.5245770323067761,lm,4,NA
russeda01,NA,NA,2026,pts_per_36_min,18.365467625899278,exp,3,0.7
russeda01,NA,NA,2026,stl_per_36_min,1.1591207023459817,lm,4,NA
russeda01,NA,NA,2026,tov_per_36_min,2.535526184216955,lm,4,NA
russeda01,NA,NA,2026,trb_per_36_min,3.61660882352071,lm,5,NA
russeda01,NA,NA,2026,x3p_per_36_min,2.8457342725483223,lm,5,NA
sabondo01,NA,NA,2026,ast_per_36_min,6.614954851967241,lm,4,NA
sabondo01,NA,NA,2026,blk_per_36_min,0.46846641573071113,lm,4,NA
sabondo01,NA,NA,2026,pts_per_36_min,19.763309352517986,exp,3,0.7
sabondo01,NA,NA,2026,stl_per_36_min,0.8515876680254371,lm,4,NA
sabondo01,NA,NA,2026,tov_per_36_min,2.933690092692847,lm,4,NA
sabondo01,NA,NA,2026,trb_per_36_min,13.765961737800085,lm,5,NA
sabondo01,NA,NA,2026,x3p_per_36_min,0.9372228358367515,lm,5,NA
schrode01,NA,NA,2026,ast_per_36_min,6.639232140998457,lm,4,NA
schrode01,NA,NA,2026,blk_per_36_min,0.24222696174656305,lm,4,NA
schrode01,NA,NA,2026,pts_per_36_min,16.460431654676256,exp,3,0.7
schrode01,NA,NA,2026,stl_per_36_min,1.0107675548469914,lm,4,NA
schrode01,NA,NA,2026,tov_per_36_min,2.320882202228733,lm,4,NA
schrode01,NA,NA,2026,trb_per_36_min,3.430294422360026,lm,5,NA
schrode01,NA,NA,2026,x3p_per_36_min,2.066647468103959,lm,5,NA
sengual01,NA,NA,2026,ast_per_36_min,5.399512938673496,lm,4,NA
sengual01,NA,NA,2026,blk_per_36_min,1.0244591863747432,lm,4,NA
sengual01,NA,NA,2026,fg_percent,0.5030757600129783,lm,4,NA
sengual01,NA,NA,2026,pts_per_36_min,21.925179856115108,exp,3,0.7
sengual01,NA,NA,2026,stl_per_36_min,1.2542845170978516,lm,4,NA
sengual01,NA,NA,2026,tov_per_36_min,2.8463843379934715,lm,4,NA
sextoco01,NA,NA,2026,pts_per_36_min,23.902877697841728,exp,3,0.7
sharpsh01,NA,NA,2026,pts_per_36_min,20.093525179856115,exp,3,0.7
siakapa01,NA,NA,2026,ast_per_36_min,4.364384696909971,lm,4,NA
siakapa01,NA,NA,2026,blk_per_36_min,0.5386967431905767,lm,4,NA
siakapa01,NA,NA,2026,pts_per_36_min,22.630935251798565,exp,3,0.7
siakapa01,NA,NA,2026,stl_per_36_min,0.9773237935832428,lm,4,NA
siakapa01,NA,NA,2026,tov_per_36_min,1.7024741096879648,lm,4,NA
siakapa01,NA,NA,2026,trb_per_36_min,7.539781393827832,lm,5,NA
siakapa01,NA,NA,2026,x3p_per_36_min,1.628124460058531,lm,5,NA
simonan01,NA,NA,2026,ast_per_36_min,5.243734711758754,lm,4,NA
simonan01,NA,NA,2026,blk_per_36_min,0.14818862678474282,lm,4,NA
simonan01,NA,NA,2026,fg_percent,0.435067601727387,lm,4,NA
simonan01,NA,NA,2026,ft_percent,0.9070665636105179,lm,5,NA
simonan01,NA,NA,2026,pts_per_36_min,21.750359712230214,exp,3,0.7
simonan01,NA,NA,2026,stl_per_36_min,0.7653426854343749,lm,4,NA
simonan01,NA,NA,2026,tov_per_36_min,2.2430490908488765,lm,4,NA
simonan01,NA,NA,2026,trb_per_36_min,3.1938140055797066,lm,5,NA
simonan01,NA,NA,2026,x3p_per_36_min,3.4096656250960033,lm,5,NA
smithja05,NA,NA,2026,pts_per_36_min,14.807194244604315,exp,3,0.7
sochaje01,NA,NA,2026,pts_per_36_min,15.753956834532374,exp,3,0.7
stewais01,NA,NA,2026,ast_per_36_min,2.7674021277910024,lm,4,NA
stewais01,NA,NA,2026,blk_per_36_min,1.702619327381945,lm,4,NA
stewais01,NA,NA,2026,fg_percent,0.5263261800599061,lm,4,NA
stewais01,NA,NA,2026,ft_percent,0.7552020360352386,lm,5,NA
stewais01,NA,NA,2026,pts_per_36_min,11.515107913669066,exp,3,0.7
stewais01,NA,NA,2026,stl_per_36_min,0.6136201187907304,lm,4,NA
stewais01,NA,NA,2026,tov_per_36_min,1.69129570511915,lm,4,NA
stewais01,NA,NA,2026,trb_per_36_min,9.801700407886702,lm,5,NA
stewais01,NA,NA,2026,x3p_per_36_min,0.7672779781833993,lm,5,NA
strusma01,NA,NA,2026,ast_per_36_min,4.110480265819411,lm,4,NA
strusma01,NA,NA,2026,blk_per_36_min,0.35283939053000235,lm,4,NA
strusma01,NA,NA,2026,fg_percent,0.4383311937036298,lm,4,NA
strusma01,NA,NA,2026,pts_per_36_min,13.470503597122303,exp,3,0.7
strusma01,NA,NA,2026,stl_per_36_min,0.8057999830869967,lm,4,NA
strusma01,NA,NA,2026,tov_per_36_min,1.4938566515218181,lm,4,NA
suggsja01,NA,NA,2026,ast_per_36_min,4.721556847420674,lm,4,NA
suggsja01,NA,NA,2026,blk_per_36_min,0.9037686549060109,lm,4,NA
suggsja01,NA,NA,2026,fg_percent,0.41449031727576086,lm,4,NA
suggsja01,NA,NA,2026,pts_per_36_min,19.279856115107915,exp,3,0.7
suggsja01,NA,NA,2026,stl_per_36_min,1.7333160416411104,lm,4,NA
suggsja01,NA,NA,2026,tov_per_36_min,3.2162126235941395,lm,4,NA
tatumja01,NA,NA,2026,ast_per_36_min,5.451294703890391,lm,4,NA
tatumja01,NA,NA,2026,blk_per_36_min,0.5655833400294861,lm,4,NA
tatumja01,NA,NA,2026,fg_percent,0.45784102633513046,lm,4,NA
tatumja01,NA,NA,2026,ft_percent,0.8391508596783284,lm,5,NA
tatumja01,NA,NA,2026,pts_per_36_min,26.789208633093526,exp,3,0.7
tatumja01,NA,NA,2026,stl_per_36_min,1.006629567777177,lm,4,NA
tatumja01,NA,NA,2026,tov_per_36_min,2.7316579745191154,lm,4,NA
tatumja01,NA,NA,2026,trb_per_36_min,8.219755438751935,lm,5,NA
tatumja01,NA,NA,2026,x3p_per_36_min,3.2399411582084467,lm,5,NA
thompkl01,NA,NA,2026,pts_per_36_min,19.46187050359712,exp,3,0.7
toppiob01,NA,NA,2026,ast_per_36_min,2.988895100446125,lm,4,NA
toppiob01,NA,NA,2026,blk_per_36_min,0.7284289764513605,lm,4,NA
toppiob01,NA,NA,2026,fg_percent,0.5216547044114341,lm,4,NA
toppiob01,NA,NA,2026,pts_per_36_min,18.83453237410072,exp,3,0.7
toppiob01,NA,NA,2026,stl_per_36_min,0.9793335778468728,lm,4,NA
toppiob01,NA,NA,2026,tov_per_36_min,1.5383943069026371,lm,4,NA
trentga02,NA,NA,2026,ast_per_36_min,2.099461195712934,lm,4,NA
trentga02,NA,NA,2026,blk_per_36_min,0.19938614031462093,lm,4,NA
trentga02,NA,NA,2026,fg_percent,0.4314968332273518,lm,4,NA
trentga02,NA,NA,2026,pts_per_36_min,16.35611510791367,exp,3,0.7
trentga02,NA,NA,2026,stl_per_36_min,1.4682083469184468,lm,4,NA
trentga02,NA,NA,2026,tov_per_36_min,0.8974836978197952,lm,4,NA
trentga02,NA,NA,2026,trb_per_36_min,3.0829340355669936,lm,5,NA
trentga02,NA,NA,2026,x3p_per_36_min,3.2378737967982074,lm,5,NA
turnemy01,NA,NA,2026,ast_per_36_min,1.9853452960327798,lm,4,NA
turnemy01,NA,NA,2026,blk_per_36_min,2.5087033997211954,lm,4,NA
turnemy01,NA,NA,2026,fg_percent,0.49787620479017736,lm,4,NA
turnemy01,NA,NA,2026,ft_percent,0.7802972972887272,lm,5,NA
turnemy01,NA,NA,2026,pts_per_36_min,19.654676258992804,exp,3,0.7
turnemy01,NA,NA,2026,stl_per_36_min,0.8249471962530778,lm,4,NA
turnemy01,NA,NA,2026,tov_per_36_min,1.9324285923619084,lm,4,NA
turnemy01,NA,NA,2026,trb_per_36_min,8.135550050198212,lm,5,NA
turnemy01,NA,NA,2026,x3p_per_36_min,2.3695261537646863,lm,5,NA
valanjo01,NA,NA,2026,ast_per_36_min,3.686636338399967,lm,4,NA
valanjo01,NA,NA,2026,blk_per_36_min,1.056027440093125,lm,4,NA
valanjo01,NA,NA,2026,pts_per_36_min,19.55347721822542,exp,3,0.7
valanjo01,NA,NA,2026,stl_per_36_min,0.7320175602705122,lm,4,NA
valanjo01,NA,NA,2026,tov_per_36_min,2.5533163739243205,lm,4,NA
valanjo01,NA,NA,2026,trb_per_36_min,14.457706735197894,lm,5,NA
valanjo01,NA,NA,2026,x3p_per_36_min,0.5567546141868456,lm,5,NA
vanvlfr01,NA,NA,2026,ast_per_36_min,6.271445050472579,lm,4,NA
vanvlfr01,NA,NA,2026,blk_per_36_min,0.5058368848937513,lm,4,NA
vanvlfr01,NA,NA,2026,fg_percent,0.3938803737090168,lm,4,NA
vanvlfr01,NA,NA,2026,ft_percent,0.8618096008853122,lm,5,NA
vanvlfr01,NA,NA,2026,pts_per_36_min,15.258992805755396,exp,3,0.7
vanvlfr01,NA,NA,2026,stl_per_36_min,1.5054623361730375,lm,4,NA
vanvlfr01,NA,NA,2026,tov_per_36_min,1.6406085573668712,lm,4,NA
vanvlfr01,NA,NA,2026,trb_per_36_min,3.7631024630822036,lm,5,NA
vanvlfr01,NA,NA,2026,x3p_per_36_min,2.848979244683627,lm,5,NA
vassede01,NA,NA,2026,ast_per_36_min,3.6171790554541423,lm,4,NA
vassede01,NA,NA,2026,blk_per_36_min,0.584651065767474,lm,4,NA
vassede01,NA,NA,2026,fg_percent,0.44572233075120327,lm,4,NA
vassede01,NA,NA,2026,ft_percent,0.8004187491876903,lm,5,NA
vassede01,NA,NA,2026,pts_per_36_min,19.56474820143885,exp,3,0.7
vassede01,NA,NA,2026,stl_per_36_min,1.3253601127317218,lm,4,NA
vassede01,NA,NA,2026,tov_per_36_min,1.602251774830769,lm,4,NA
vassede01,NA,NA,2026,trb_per_36_min,4.634662234160657,lm,5,NA
vassede01,NA,NA,2026,x3p_per_36_min,2.823474687124201,lm,5,NA
vucevni01,NA,NA,2026,ast_per_36_min,3.949705496024676,lm,4,NA
vucevni01,NA,NA,2026,blk_per_36_min,0.818508179379341,lm,4,NA
vucevni01,NA,NA,2026,fg_percent,0.5130295196555635,lm,4,NA
vucevni01,NA,NA,2026,pts_per_36_min,20.63309352517986,exp,3,0.7
vucevni01,NA,NA,2026,stl_per_36_min,0.8966768225734687,lm,4,NA
vucevni01,NA,NA,2026,tov_per_36_min,1.8394008308594507,lm,4,NA
vucevni01,NA,NA,2026,trb_per_36_min,11.54286860353984,lm,5,NA
vucevni01,NA,NA,2026,x3p_per_36_min,1.8316574515572315,lm,5,NA
wagnefr01,NA,NA,2026,ast_per_36_min,4.675416032889702,lm,4,NA
wagnefr01,NA,NA,2026,blk_per_36_min,0.39910906865807183,lm,4,NA
wagnefr01,NA,NA,2026,fg_percent,0.4697343019288509,lm,4,NA
wagnefr01,NA,NA,2026,pts_per_36_min,24.615107913669064,exp,3,0.7
wagnefr01,NA,NA,2026,stl_per_36_min,1.1819008600909404,lm,4,NA
wagnefr01,NA,NA,2026,tov_per_36_min,2.3100293347345184,lm,4,NA
washipj01,NA,NA,2026,ast_per_36_min,2.826836299563073,lm,4,NA
washipj01,NA,NA,2026,blk_per_36_min,1.1125351017524052,lm,4,NA
washipj01,NA,NA,2026,pts_per_36_min,16.163309352517985,exp,3,0.7
washipj01,NA,NA,2026,stl_per_36_min,1.1388898223125339,lm,4,NA
washipj01,NA,NA,2026,tov_per_36_min,2.036617814653672,lm,4,NA
washipj01,NA,NA,2026,trb_per_36_min,7.7756368322892575,lm,5,NA
washipj01,NA,NA,2026,x3p_per_36_min,1.9722916354147275,lm,5,NA
westbru01,NA,NA,2026,ast_per_36_min,7.778357291767481,lm,4,NA
westbru01,NA,NA,2026,blk_per_36_min,0.5263139618823798,lm,4,NA
westbru01,NA,NA,2026,pts_per_36_min,17.40431654676259,exp,3,0.7
westbru01,NA,NA,2026,stl_per_36_min,1.5187381811339948,lm,4,NA
westbru01,NA,NA,2026,tov_per_36_min,3.854007090649823,lm,4,NA
westbru01,NA,NA,2026,trb_per_36_min,7.244639427772322,lm,5,NA
westbru01,NA,NA,2026,x3p_per_36_min,1.5110605159503037,lm,5,NA
whiteco01,NA,NA,2026,ast_per_36_min,4.7376211536736585,lm,4,NA
whiteco01,NA,NA,2026,blk_per_36_min,0.21131427569739278,lm,4,NA
whiteco01,NA,NA,2026,fg_percent,0.45024080427237034,lm,4,NA
whiteco01,NA,NA,2026,ft_percent,0.8677169431160416,lm,5,NA
whiteco01,NA,NA,2026,pts_per_36_min,21.015107913669063,exp,3,0.7
whiteco01,NA,NA,2026,stl_per_36_min,0.931085614604698,lm,4,NA
whiteco01,NA,NA,2026,tov_per_36_min,2.2643550946923936,lm,4,NA
whiteco01,NA,NA,2026,trb_per_36_min,4.07293939913969,lm,5,NA
whiteco01,NA,NA,2026,x3p_per_36_min,3.014216357573442,lm,5,NA
whitede01,NA,NA,2026,ast_per_36_min,5.28663940590163,lm,4,NA
whitede01,NA,NA,2026,blk_per_36_min,1.0674998196242647,lm,4,NA
whitede01,NA,NA,2026,pts_per_36_min,17.217266187050363,exp,3,0.7
whitede01,NA,NA,2026,stl_per_36_min,0.9871672556688896,lm,4,NA
whitede01,NA,NA,2026,tov_per_36_min,1.7370258323047865,lm,4,NA
whitede01,NA,NA,2026,trb_per_36_min,4.511979301215512,lm,5,NA
whitede01,NA,NA,2026,x3p_per_36_min,3.1858269574853386,lm,5,NA
wiggiaa01,NA,NA,2026,ast_per_36_min,2.7964488271562025,lm,4,NA
wiggiaa01,NA,NA,2026,blk_per_36_min,0.4243066235716274,lm,4,NA
wiggiaa01,NA,NA,2026,fg_percent,0.4946087577029527,lm,4,NA
wiggiaa01,NA,NA,2026,pts_per_36_min,17.889928057553956,exp,3,0.7
wiggiaa01,NA,NA,2026,stl_per_36_min,1.2288837741925378,lm,4,NA
wiggiaa01,NA,NA,2026,tov_per_36_min,1.4660280686323999,lm,4,NA
wiggian01,NA,NA,2026,ast_per_36_min,3.0866032040388367,lm,4,NA
wiggian01,NA,NA,2026,blk_per_36_min,0.8684400046093278,lm,4,NA
wiggian01,NA,NA,2026,pts_per_36_min,20.239088729016785,exp,3,0.7
wiggian01,NA,NA,2026,stl_per_36_min,1.1325692299813985,lm,4,NA
wiggian01,NA,NA,2026,tov_per_36_min,1.899733333615141,lm,4,NA
wiggian01,NA,NA,2026,trb_per_36_min,5.25471881982204,lm,5,NA
wiggian01,NA,NA,2026,x3p_per_36_min,2.4056335723664146,lm,5,NA
willija06,NA,NA,2026,pts_per_36_min,23.07410071942446,exp,3,0.7
willike04,NA,NA,2026,ast_per_36_min,3.3930585787109933,lm,4,NA
willike04,NA,NA,2026,blk_per_36_min,0.3328526243432575,lm,4,NA
willike04,NA,NA,2026,fg_percent,0.4824072017980532,lm,4,NA
willike04,NA,NA,2026,ft_percent,0.5542252400436759,lm,5,NA
willike04,NA,NA,2026,pts_per_36_min,13.28273381294964,exp,3,0.7
willike04,NA,NA,2026,stl_per_36_min,1.318834496282746,lm,4,NA
willike04,NA,NA,2026,tov_per_36_min,1.2132383993252518,lm,4,NA
willike04,NA,NA,2026,trb_per_36_min,7.442318226780878,lm,5,NA
willike04,NA,NA,2026,x3p_per_36_min,1.9919789184693129,lm,5,NA
willipa01,NA,NA,2026,pts_per_36_min,12.964748201438848,exp,3,0.7
wrighde01,NA,NA,2026,ast_per_36_min,4.871195019667204,lm,4,NA
wrighde01,NA,NA,2026,blk_per_36_min,0.5766889147210411,lm,4,NA
wrighde01,NA,NA,2026,pts_per_36_min,8.24052757793765,exp,3,0.7
wrighde01,NA,NA,2026,stl_per_36_min,2.170817964132353,lm,4,NA
wrighde01,NA,NA,2026,tov_per_36_min,1.1916850798936718,lm,4,NA
wrighde01,NA,NA,2026,trb_per_36_min,4.0593943148526455,lm,5,NA
wrighde01,NA,NA,2026,x3p_per_36_min,1.2558170982428236,lm,5,NA
youngtr01,NA,NA,2026,ast_per_36_min,10.848275664461081,lm,4,NA
youngtr01,NA,NA,2026,blk_per_36_min,0.19358030536192475,lm,4,NA
youngtr01,NA,NA,2026,fg_percent,0.4269621380843247,lm,4,NA
youngtr01,NA,NA,2026,ft_percent,0.874808579260609,lm,5,NA
youngtr01,NA,NA,2026,pts_per_36_min,24.711510791366905,exp,3,0.7
youngtr01,NA,NA,2026,stl_per_36_min,1.1681955965064685,lm,4,NA
youngtr01,NA,NA,2026,tov_per_36_min,4.307644718507376,lm,4,NA
youngtr01,NA,NA,2026,trb_per_36_min,3.108721979679078,lm,5,NA
youngtr01,NA,NA,2026,x3p_per_36_min,2.9336142626749018,lm,5,NA
zubaciv01,NA,NA,2026,ast_per_36_min,2.718935207266393,lm,4,NA
zubaciv01,NA,NA,2026,blk_per_36_min,1.3394999134575993,lm,4,NA
zubaciv01,NA,NA,2026,fg_percent,0.6222967976733037,lm,4,NA
zubaciv01,NA,NA,2026,ft_percent,0.7079522620262086,lm,5,NA
zubaciv01,NA,NA,2026,pts_per_36_min,17.54964028776978,exp,3,0.7
zubaciv01,NA,NA,2026,stl_per_36_min,0.6714869320555461,lm,4,NA
zubaciv01,NA,NA,2026,tov_per_36_min,1.7242156013434597,lm,4,NA
zubaciv01,NA,NA,2026,trb_per_36_min,13.166708812306776,lm,5,NA
zubaciv01,NA,NA,2026,x3p_per_36_min,0.17398012148461842,lm,5,NA
